question_set,question,choice,"Organization","Issue area","Financial transparency","Accountability","Funding sources","Relationship with host government"
1,1,1,2,3,1,1,3,1
1,1,2,1,2,2,1,2,3
1,1,3,4,1,1,2,2,2
1,2,1,3,1,2,1,1,2
1,2,2,2,4,2,1,2,2
1,2,3,3,4,2,1,2,3
1,3,1,1,4,2,1,3,3
1,3,2,2,3,2,2,1,1
1,3,3,4,4,2,1,1,2
1,4,1,1,1,1,2,2,1
1,4,2,1,2,1,2,3,3
1,4,3,2,3,2,2,3,2
1,5,1,2,2,1,2,3,1
1,5,2,3,3,2,2,1,3
1,5,3,3,1,2,2,1,2
1,6,1,1,4,1,2,2,3
1,6,2,4,3,1,1,1,1
1,6,3,4,1,1,1,3,1
1,7,1,3,3,1,2,2,2
1,7,2,4,2,2,1,3,3
1,7,3,1,2,1,2,1,1
2,1,1,2,1,1,2,3,1
2,1,2,4,1,2,1,3,3
2,1,3,2,4,1,2,3,3
2,2,1,4,4,1,1,1,3
2,2,2,3,4,1,2,3,1
2,2,3,1,2,1,2,2,1
2,3,1,4,2,1,1,1,1
2,3,2,3,1,2,2,3,2
2,3,3,2,3,2,2,2,1
2,4,1,3,1,2,1,3,2
2,4,2,1,4,2,1,1,3
2,4,3,3,2,1,2,2,3
2,5,1,4,2,1,1,1,3
2,5,2,2,3,2,1,1,2
2,5,3,2,4,2,1,3,2
2,6,1,1,2,1,2,2,2
2,6,2,1,3,2,1,1,1
2,6,3,1,1,1,2,2,2
2,7,1,4,3,2,1,1,3
2,7,2,1,3,1,2,2,2
2,7,3,3,2,2,2,2,1
3,1,1,4,4,2,2,1,2
3,1,2,1,2,2,2,3,3
3,1,3,2,2,1,2,1,3
3,2,1,1,3,2,1,2,3
3,2,2,4,1,1,1,3,2
3,2,3,4,2,2,2,2,2
3,3,1,3,3,2,1,2,3
3,3,2,2,4,1,1,3,3
3,3,3,2,2,2,1,1,1
3,4,1,4,1,2,1,2,1
3,4,2,4,3,2,1,1,1
3,4,3,3,3,1,2,2,1
3,5,1,2,1,2,1,1,3
3,5,2,1,1,1,2,2,2
3,5,3,2,4,1,2,1,2
3,6,1,3,1,1,2,3,1
3,6,2,1,4,2,1,3,1
3,6,3,4,3,1,2,3,1
3,7,1,1,4,1,1,1,2
3,7,2,3,2,2,2,3,3
3,7,3,3,4,1,1,2,2
4,1,1,3,1,2,2,2,2
4,1,2,2,4,1,1,1,1
4,1,3,2,1,2,1,3,3
4,2,1,3,3,2,2,2,1
4,2,2,1,4,1,2,1,3
4,2,3,4,3,1,1,1,2
4,3,1,2,3,1,2,2,2
4,3,2,3,4,1,1,3,3
4,3,3,2,1,1,1,3,2
4,4,1,3,2,2,1,2,3
4,4,2,1,3,1,2,3,1
4,4,3,4,1,2,1,3,3
4,5,1,4,1,1,2,1,1
4,5,2,4,2,2,2,2,2
4,5,3,3,2,2,1,3,1
4,6,1,1,2,1,1,2,3
4,6,2,1,4,1,2,3,2
4,6,3,1,3,2,1,1,1
4,7,1,4,4,1,2,1,1
4,7,2,2,2,2,2,1,2
4,7,3,2,3,2,2,2,3
5,1,1,1,1,1,2,1,3
5,1,2,3,2,2,1,3,2
5,1,3,4,3,2,1,2,1
5,2,1,2,3,2,2,3,2
5,2,2,2,2,1,1,2,3
5,2,3,3,1,2,2,3,2
5,3,1,2,1,2,1,1,2
5,3,2,4,4,1,1,2,2
5,3,3,1,1,2,1,3,3
5,4,1,2,2,1,1,1,1
5,4,2,4,3,2,2,2,3
5,4,3,4,2,2,2,3,3
5,5,1,3,4,2,2,1,1
5,5,2,2,4,2,1,3,1
5,5,3,3,4,1,2,3,1
5,6,1,1,1,1,1,2,1
5,6,2,3,3,1,1,1,2
5,6,3,4,2,2,2,2,2
5,7,1,1,4,1,2,2,1
5,7,2,1,1,1,2,1,3
5,7,3,2,3,1,1,1,3
6,1,1,3,1,1,2,3,2
6,1,2,4,2,1,1,2,1
6,1,3,1,2,2,1,2,3
6,2,1,2,3,1,1,2,3
6,2,2,2,4,1,2,3,3
6,2,3,4,2,1,2,1,1
6,3,1,3,3,2,1,1,1
6,3,2,2,3,1,2,1,2
6,3,3,2,1,2,2,1,2
6,4,1,4,3,2,2,2,3
6,4,2,3,2,1,1,3,3
6,4,3,1,4,2,2,3,2
6,5,1,2,4,2,2,3,1
6,5,2,1,2,2,1,1,2
6,5,3,3,1,1,2,3,1
6,6,1,3,1,2,2,2,3
6,6,2,4,4,2,1,3,2
6,6,3,1,1,2,1,1,2
6,7,1,1,4,2,2,2,3
6,7,2,2,3,1,1,1,1
6,7,3,4,3,1,1,2,1
7,1,1,4,1,2,2,1,2
7,1,2,1,1,1,2,3,2
7,1,3,4,1,2,2,2,3
7,2,1,1,2,1,1,3,1
7,2,2,4,2,1,2,3,1
7,2,3,2,3,2,1,3,3
7,3,1,3,4,1,2,2,1
7,3,2,2,4,2,2,1,2
7,3,3,4,3,2,1,2,1
7,4,1,3,1,2,1,3,2
7,4,2,1,2,1,2,3,3
7,4,3,4,2,1,1,1,1
7,5,1,2,3,2,1,1,2
7,5,2,1,4,2,1,1,2
7,5,3,3,2,2,2,1,3
7,6,1,3,2,2,1,1,3
7,6,2,2,3,1,2,2,2
7,6,3,2,3,2,2,2,3
7,7,1,1,4,1,2,2,3
7,7,2,2,4,1,1,2,1
7,7,3,3,1,1,1,3,1
8,1,1,3,2,1,2,3,3
8,1,2,3,2,1,2,3,2
8,1,3,2,4,1,2,1,3
8,2,1,4,4,1,1,2,2
8,2,2,1,1,1,1,1,1
8,2,3,2,2,2,2,1,3
8,3,1,1,4,2,1,2,2
8,3,2,3,1,2,2,1,2
8,3,3,1,1,2,2,3,1
8,4,1,2,4,2,2,1,1
8,4,2,2,3,1,1,3,2
8,4,3,4,1,2,1,2,3
8,5,1,4,3,1,2,2,1
8,5,2,3,3,1,2,3,2
8,5,3,4,3,2,1,3,1
8,6,1,3,3,2,1,2,3
8,6,2,1,1,2,1,3,1
8,6,3,1,2,1,2,2,1
8,7,1,4,3,1,1,2,3
8,7,2,1,4,2,2,1,3
8,7,3,2,2,2,1,1,2
9,1,1,2,4,2,1,1,1
9,1,2,1,2,2,1,3,3
9,1,3,4,3,1,1,3,3
9,2,1,1,1,1,2,2,2
9,2,2,1,3,1,1,3,1
9,2,3,3,4,2,2,1,1
9,3,1,4,3,1,1,2,3
9,3,2,4,1,2,1,3,2
9,3,3,4,4,2,1,1,1
9,4,1,2,3,1,2,1,1
9,4,2,2,2,2,2,2,1
9,4,3,2,1,2,1,2,3
9,5,1,3,1,1,2,2,3
9,5,2,3,4,1,1,1,2
9,5,3,2,3,1,1,3,2
9,6,1,3,4,2,2,3,3
9,6,2,1,1,2,2,1,2
9,6,3,2,2,1,2,1,2
9,7,1,1,2,2,2,3,2
9,7,2,4,4,1,2,2,3
9,7,3,3,2,1,2,2,1
10,1,1,4,2,1,2,1,2
10,1,2,2,4,2,1,1,3
10,1,3,3,3,1,2,3,2
10,2,1,4,2,2,1,3,1
10,2,2,4,4,1,2,2,1
10,2,3,3,3,1,2,1,2
10,3,1,2,3,1,1,3,1
10,3,2,1,4,2,1,2,2
10,3,3,2,1,2,2,3,3
10,4,1,4,1,1,1,1,2
10,4,2,1,3,1,1,3,1
10,4,3,1,1,2,2,2,3
10,5,1,1,1,1,1,1,3
10,5,2,4,3,1,2,2,1
10,5,3,4,4,2,1,2,1
10,6,1,3,2,2,2,1,3
10,6,2,1,2,2,1,1,2
10,6,3,3,4,1,1,2,1
10,7,1,2,4,2,2,2,3
10,7,2,3,2,2,2,3,2
10,7,3,2,1,1,2,3,3
11,1,1,4,3,2,2,3,3
11,1,2,3,4,1,2,2,2
11,1,3,2,4,1,1,3,2
11,2,1,4,4,2,1,2,3
11,2,2,3,2,1,2,1,3
11,2,3,2,3,1,1,3,1
11,3,1,4,1,1,1,3,1
11,3,2,2,1,1,1,1,3
11,3,3,1,2,2,1,1,1
11,4,1,4,4,2,1,2,2
11,4,2,2,1,1,2,2,3
11,4,3,3,3,2,1,1,2
11,5,1,4,2,2,1,3,1
11,5,2,2,1,2,2,2,2
11,5,3,3,3,1,2,2,3
11,6,1,4,4,1,2,1,1
11,6,2,1,4,2,2,1,1
11,6,3,1,2,2,2,3,1
11,7,1,1,2,1,1,3,2
11,7,2,3,3,1,2,2,3
11,7,3,1,1,2,1,1,2
12,1,1,1,4,2,2,2,1
12,1,2,4,3,1,2,1,3
12,1,3,3,4,1,1,1,2
12,2,1,1,1,1,2,3,1
12,2,2,4,2,2,2,2,3
12,2,3,1,3,2,2,2,2
12,3,1,3,3,2,2,1,1
12,3,2,3,4,2,1,2,3
12,3,3,1,2,1,2,1,1
12,4,1,3,1,2,1,3,1
12,4,2,1,1,2,1,3,3
12,4,3,2,3,1,2,1,2
12,5,1,3,1,1,1,3,1
12,5,2,2,4,2,1,3,2
12,5,3,4,3,1,1,1,1
12,6,1,4,2,2,2,3,2
12,6,2,2,1,2,1,3,2
12,6,3,1,2,1,2,2,2
12,7,1,3,3,1,1,2,3
12,7,2,2,4,1,1,1,2
12,7,3,2,2,1,1,2,3
13,1,1,2,4,1,2,2,3
13,1,2,4,4,1,1,3,1
13,1,3,3,1,1,2,1,3
13,2,1,2,1,2,2,3,2
13,2,2,2,1,1,1,2,1
13,2,3,3,3,2,1,3,3
13,3,1,3,2,1,1,1,1
13,3,2,1,2,2,2,2,2
13,3,3,1,2,2,2,1,2
13,4,1,2,4,1,1,2,1
13,4,2,3,3,1,1,2,3
13,4,3,2,4,1,1,2,3
13,5,1,4,4,1,1,1,3
13,5,2,1,3,1,2,3,2
13,5,3,1,2,2,1,2,1
13,6,1,3,2,2,2,3,3
13,6,2,1,1,2,2,1,2
13,6,3,4,3,2,1,1,2
13,7,1,4,1,2,2,1,1
13,7,2,2,4,1,1,3,2
13,7,3,4,3,2,2,3,1
14,1,1,1,1,1,2,1,1
14,1,2,4,1,2,2,2,3
14,1,3,4,3,1,1,3,2
14,2,1,3,1,2,1,1,3
14,2,2,3,2,1,2,2,2
14,2,3,1,4,2,1,3,1
14,3,1,2,2,1,2,2,1
14,3,2,2,3,1,1,3,1
14,3,3,2,4,1,1,2,1
14,4,1,3,4,2,2,1,3
14,4,2,4,1,2,2,3,2
14,4,3,1,2,1,2,1,3
14,5,1,2,3,1,1,2,1
14,5,2,1,2,2,2,3,2
14,5,3,3,3,2,1,3,3
14,6,1,4,1,1,2,1,2
14,6,2,4,2,2,2,1,2
14,6,3,1,4,2,2,2,3
14,7,1,2,1,2,1,1,3
14,7,2,3,3,1,1,3,1
14,7,3,3,4,1,1,2,2
15,1,1,4,4,1,1,3,1
15,1,2,4,4,1,1,1,1
15,1,3,3,1,2,2,3,2
15,2,1,1,2,1,2,2,1
15,2,2,3,4,2,2,2,3
15,2,3,1,3,2,2,1,2
15,3,1,4,4,1,1,1,1
15,3,2,3,1,1,1,3,1
15,3,3,3,2,2,1,3,1
15,4,1,4,1,1,1,2,2
15,4,2,1,1,1,1,2,3
15,4,3,2,2,2,1,3,2
15,5,1,2,1,2,1,2,2
15,5,2,1,2,2,2,1,3
15,5,3,2,2,2,1,2,3
15,6,1,4,4,2,2,1,3
15,6,2,3,2,1,2,3,1
15,6,3,3,3,1,2,1,3
15,7,1,1,3,2,2,3,2
15,7,2,2,3,2,2,1,3
15,7,3,2,3,1,1,2,2
16,1,1,2,1,2,2,2,3
16,1,2,2,1,1,2,1,3
16,1,3,1,4,2,2,3,3
16,2,1,3,3,2,2,3,2
16,2,2,4,4,2,1,3,2
16,2,3,4,4,1,2,1,3
16,3,1,4,3,2,1,1,2
16,3,2,3,2,1,1,1,2
16,3,3,4,4,1,2,1,3
16,4,1,2,1,1,1,2,1
16,4,2,2,3,1,1,2,1
16,4,3,1,2,1,1,3,2
16,5,1,2,2,1,2,2,2
16,5,2,1,3,1,1,3,1
16,5,3,4,1,2,1,2,1
16,6,1,3,2,2,1,2,1
16,6,2,3,4,2,2,3,3
16,6,3,4,1,2,1,3,3
16,7,1,3,2,1,2,1,1
16,7,2,1,3,2,2,2,2
16,7,3,1,3,2,1,1,1
17,1,1,1,2,1,1,3,1
17,1,2,4,1,1,1,3,2
17,1,3,4,2,1,1,2,1
17,2,1,1,4,2,2,2,1
17,2,2,2,1,2,1,2,3
17,2,3,4,4,2,2,3,2
17,3,1,3,3,1,1,2,1
17,3,2,3,4,2,1,1,2
17,3,3,1,1,2,1,2,3
17,4,1,2,1,2,2,1,2
17,4,2,2,3,1,2,3,3
17,4,3,4,2,2,2,3,1
17,5,1,1,3,1,2,1,3
17,5,2,2,2,1,2,1,1
17,5,3,3,4,2,2,1,3
17,6,1,1,2,2,1,2,2
17,6,2,1,3,2,1,3,2
17,6,3,3,4,2,1,1,1
17,7,1,3,3,1,2,2,3
17,7,2,2,1,1,2,1,3
17,7,3,4,3,1,2,3,2
18,1,1,1,4,1,2,3,2
18,1,2,3,1,1,2,1,3
18,1,3,1,2,1,2,2,1
18,2,1,3,4,2,1,3,2
18,2,2,4,1,2,1,1,3
18,2,3,3,2,2,1,1,1
18,3,1,4,4,2,2,2,1
18,3,2,1,2,1,2,1,2
18,3,3,4,1,2,1,1,2
18,4,1,2,1,1,1,1,2
18,4,2,4,2,1,2,2,1
18,4,3,2,3,1,1,2,1
18,5,1,2,3,2,2,2,2
18,5,2,1,4,2,1,1,3
18,5,3,3,3,2,1,3,3
18,6,1,2,4,2,2,3,1
18,6,2,4,3,1,2,3,2
18,6,3,2,1,2,1,3,3
18,7,1,3,4,1,1,2,3
18,7,2,4,3,2,1,3,3
18,7,3,1,2,1,2,2,1
19,1,1,4,1,1,2,3,1
19,1,2,4,3,1,1,1,2
19,1,3,2,1,2,1,3,3
19,2,1,4,2,2,2,2,1
19,2,2,2,1,2,2,2,2
19,2,3,3,2,2,1,2,3
19,3,1,3,3,2,2,2,3
19,3,2,2,2,1,2,3,2
19,3,3,3,4,1,2,1,2
19,4,1,1,4,1,1,1,2
19,4,2,1,3,2,1,1,2
19,4,3,3,4,1,1,3,3
19,5,1,3,1,2,1,1,1
19,5,2,4,3,1,1,2,3
19,5,3,2,2,2,2,1,1
19,6,1,4,4,2,1,1,3
19,6,2,4,3,1,1,2,1
19,6,3,1,1,1,2,3,1
19,7,1,2,3,2,2,3,2
19,7,2,1,4,1,2,3,1
19,7,3,1,2,1,2,2,3
20,1,1,2,1,2,1,2,3
20,1,2,2,1,1,2,1,1
20,1,3,4,1,2,1,3,2
20,2,1,3,4,2,2,1,2
20,2,2,4,2,2,1,1,1
20,2,3,4,4,2,2,2,2
20,3,1,3,3,1,2,3,1
20,3,2,3,4,1,1,3,2
20,3,3,1,2,2,1,2,3
20,4,1,2,1,2,2,1,3
20,4,2,3,4,1,2,2,3
20,4,3,2,2,2,2,2,1
20,5,1,1,3,1,1,3,1
20,5,2,4,2,1,2,3,3
20,5,3,2,3,1,1,1,3
20,6,1,1,4,1,1,3,1
20,6,2,3,1,2,2,1,2
20,6,3,4,3,2,2,1,2
20,7,1,1,3,2,1,3,3
20,7,2,1,2,1,2,2,1
20,7,3,1,2,1,1,2,2
21,1,1,3,4,2,2,2,3
21,1,2,4,3,1,2,3,3
21,1,3,4,3,2,2,3,3
21,2,1,3,2,2,2,1,1
21,2,2,3,4,2,2,1,3
21,2,3,1,2,2,1,2,2
21,3,1,4,4,2,1,1,1
21,3,2,2,1,1,1,2,1
21,3,3,2,3,2,1,3,1
21,4,1,1,2,2,1,3,1
21,4,2,2,1,2,2,1,2
21,4,3,4,2,1,2,3,2
21,5,1,2,1,1,1,2,2
21,5,2,2,2,1,1,3,2
21,5,3,1,3,1,1,2,3
21,6,1,1,4,2,1,1,3
21,6,2,1,3,1,2,2,1
21,6,3,3,1,1,2,1,2
21,7,1,3,1,1,2,1,3
21,7,2,2,4,1,1,3,1
21,7,3,4,1,2,2,2,2
22,1,1,1,4,1,1,1,3
22,1,2,4,4,2,1,2,2
22,1,3,3,4,2,2,1,2
22,2,1,1,3,2,1,2,1
22,2,2,2,2,1,2,3,1
22,2,3,4,1,2,2,3,3
22,3,1,1,1,1,2,3,3
22,3,2,3,1,1,1,2,1
22,3,3,2,3,2,1,2,3
22,4,1,3,3,1,2,2,2
22,4,2,2,4,1,1,3,3
22,4,3,3,1,1,1,3,2
22,5,1,2,2,2,2,2,2
22,5,2,4,2,1,2,1,1
22,5,3,4,3,2,2,1,2
22,6,1,1,4,2,2,1,1
22,6,2,2,4,1,1,3,1
22,6,3,4,2,2,2,2,2
22,7,1,4,2,2,1,1,3
22,7,2,1,1,1,1,3,1
22,7,3,3,3,2,2,1,3
23,1,1,1,1,2,2,3,2
23,1,2,2,2,2,1,1,1
23,1,3,1,3,1,2,3,3
23,2,1,3,2,2,2,3,2
23,2,2,1,1,2,2,1,3
23,2,3,2,4,1,1,2,2
23,3,1,2,1,2,2,1,1
23,3,2,4,2,1,1,2,3
23,3,3,3,3,1,1,2,3
23,4,1,4,4,2,1,3,1
23,4,2,4,1,1,1,3,1
23,4,3,3,4,2,1,2,2
23,5,1,2,3,1,2,2,1
23,5,2,1,3,1,1,2,2
23,5,3,2,4,1,2,1,1
23,6,1,4,2,1,1,1,3
23,6,2,3,3,2,1,3,1
23,6,3,4,2,2,2,1,3
23,7,1,3,4,2,2,1,2
23,7,2,1,2,1,1,2,3
23,7,3,3,1,2,2,3,2
24,1,1,4,4,2,2,1,2
24,1,2,4,3,1,2,2,3
24,1,3,3,3,2,2,3,1
24,2,1,2,4,1,1,3,3
24,2,2,1,4,1,1,1,2
24,2,3,2,1,1,1,1,3
24,3,1,1,4,1,2,2,1
24,3,2,3,4,2,2,2,3
24,3,3,1,1,2,1,2,2
24,4,1,4,1,1,1,2,3
24,4,2,3,2,2,2,3,1
24,4,3,3,2,1,2,1,2
24,5,1,2,1,1,1,1,3
24,5,2,3,3,2,2,3,1
24,5,3,4,3,1,2,2,3
24,6,1,1,3,2,1,2,1
24,6,2,2,2,2,1,3,2
24,6,3,1,2,2,2,3,1
24,7,1,1,1,1,1,3,1
24,7,2,4,2,1,1,1,2
24,7,3,2,3,2,1,1,2
25,1,1,2,4,2,1,3,2
25,1,2,1,3,2,2,2,3
25,1,3,1,3,2,1,3,1
25,2,1,1,4,1,2,1,2
25,2,2,3,4,1,1,1,1
25,2,3,3,2,1,2,2,3
25,3,1,2,1,1,2,2,2
25,3,2,2,1,1,2,3,2
25,3,3,4,3,2,1,3,2
25,4,1,2,2,2,2,2,3
25,4,2,4,4,1,1,1,1
25,4,3,4,1,2,2,1,1
25,5,1,3,3,2,2,2,3
25,5,2,4,3,2,1,1,1
25,5,3,2,2,1,2,2,3
25,6,1,1,4,2,1,3,3
25,6,2,3,3,1,1,1,1
25,6,3,4,1,1,1,2,2
25,7,1,1,2,2,2,3,1
25,7,2,3,1,1,1,1,2
25,7,3,1,2,2,1,3,3
26,1,1,3,1,1,1,1,2
26,1,2,3,4,1,2,1,3
26,1,3,1,4,1,1,2,2
26,2,1,1,3,2,1,3,2
26,2,2,3,3,1,2,2,2
26,2,3,4,1,2,1,2,3
26,3,1,2,1,1,2,3,3
26,3,2,3,2,2,2,3,3
26,3,3,4,1,2,2,3,1
26,4,1,1,2,2,2,3,2
26,4,2,2,2,2,1,2,1
26,4,3,2,4,1,2,2,1
26,5,1,4,3,2,2,2,3
26,5,2,4,2,2,2,2,3
26,5,3,1,4,2,1,3,1
26,6,1,2,4,2,1,1,2
26,6,2,3,1,1,1,1,1
26,6,3,2,1,1,1,3,2
26,7,1,1,3,1,1,1,1
26,7,2,4,2,1,2,1,1
26,7,3,3,3,1,2,1,3
27,1,1,1,4,1,1,1,1
27,1,2,1,1,1,2,2,2
27,1,3,2,4,1,2,3,2
27,2,1,2,3,2,2,2,3
27,2,2,3,3,1,1,2,3
27,2,3,3,2,1,2,3,3
27,3,1,1,4,1,1,3,3
27,3,2,3,1,1,1,1,1
27,3,3,2,2,2,2,2,2
27,4,1,3,3,2,2,2,1
27,4,2,4,1,1,1,3,3
27,4,3,2,1,2,2,3,1
27,5,1,1,1,2,2,2,2
27,5,2,4,4,1,1,1,2
27,5,3,1,2,2,1,1,2
27,6,1,4,3,1,2,1,3
27,6,2,4,1,2,2,1,1
27,6,3,2,2,2,1,3,1
27,7,1,3,3,2,1,1,2
27,7,2,1,2,1,1,2,1
27,7,3,4,4,2,1,3,3
28,1,1,3,3,2,1,1,3
28,1,2,4,4,2,1,2,1
28,1,3,3,4,1,2,2,3
28,2,1,2,3,1,1,2,1
28,2,2,2,4,2,2,3,3
28,2,3,2,1,1,1,3,2
28,3,1,4,1,1,1,2,2
28,3,2,2,2,1,1,2,3
28,3,3,3,3,1,2,1,3
28,4,1,3,2,2,2,3,3
28,4,2,1,1,1,2,3,1
28,4,3,4,1,2,1,1,1
28,5,1,4,1,2,2,2,1
28,5,2,3,3,2,2,1,3
28,5,3,1,2,2,2,1,2
28,6,1,4,2,2,1,3,2
28,6,2,1,4,2,1,1,1
28,6,3,2,3,1,1,3,2
28,7,1,1,4,2,1,3,2
28,7,2,2,2,1,2,1,1
28,7,3,1,4,1,2,2,2
29,1,1,3,2,2,2,1,1
29,1,2,4,2,2,2,2,2
29,1,3,2,4,2,1,3,1
29,2,1,2,2,2,1,2,1
29,2,2,1,3,1,2,3,3
29,2,3,1,1,2,1,1,1
29,3,1,2,4,2,1,2,3
29,3,2,4,4,2,1,2,2
29,3,3,1,2,1,1,3,1
29,4,1,1,4,1,2,3,3
29,4,2,2,2,1,2,2,1
29,4,3,3,3,1,1,1,2
29,5,1,3,3,1,1,3,3
29,5,2,2,4,2,1,1,2
29,5,3,3,1,2,2,1,3
29,6,1,2,1,2,2,2,2
29,6,2,4,1,1,2,1,3
29,6,3,1,1,2,2,3,2
29,7,1,4,3,1,1,2,3
29,7,2,3,1,1,1,1,2
29,7,3,4,3,1,2,3,1
30,1,1,4,4,1,2,3,2
30,1,2,4,1,2,2,3,1
30,1,3,2,3,2,1,2,3
30,2,1,3,3,2,1,2,3
30,2,2,2,1,1,2,1,3
30,2,3,3,4,2,1,2,2
30,3,1,2,4,2,2,1,3
30,3,2,2,4,1,1,1,3
30,3,3,4,2,1,2,3,1
30,4,1,1,1,1,1,1,1
30,4,2,1,2,2,2,2,3
30,4,3,3,4,2,1,3,1
30,5,1,1,1,1,1,1,3
30,5,2,3,3,2,1,1,2
30,5,3,1,4,2,2,3,2
30,6,1,3,3,1,2,2,2
30,6,2,4,2,1,1,2,1
30,6,3,4,2,1,1,2,2
30,7,1,2,3,2,2,3,1
30,7,2,2,2,1,1,3,2
30,7,3,1,1,2,2,1,1
31,1,1,3,3,2,2,2,1
31,1,2,3,4,2,2,3,3
31,1,3,1,2,1,1,2,2
31,2,1,4,2,1,2,1,2
31,2,2,4,3,2,1,2,3
31,2,3,2,4,1,2,2,2
31,3,1,1,4,1,1,1,2
31,3,2,2,1,1,1,3,1
31,3,3,1,2,1,2,2,2
31,4,1,3,1,2,1,3,1
31,4,2,2,1,1,1,1,3
31,4,3,1,1,1,2,1,1
31,5,1,2,3,2,1,1,1
31,5,2,4,3,1,2,2,1
31,5,3,3,4,2,1,1,3
31,6,1,4,1,1,2,3,2
31,6,2,2,2,2,1,2,3
31,6,3,4,4,2,2,1,3
31,7,1,3,3,1,2,3,1
31,7,2,3,2,2,1,3,3
31,7,3,1,1,2,1,3,2
32,1,1,2,2,1,1,2,3
32,1,2,1,3,1,2,3,2
32,1,3,2,4,1,2,3,1
32,2,1,4,4,2,2,1,3
32,2,2,4,3,2,1,2,3
32,2,3,1,2,1,1,2,3
32,3,1,2,2,1,1,1,1
32,3,2,4,1,2,1,3,1
32,3,3,3,1,1,1,2,2
32,4,1,3,3,1,2,1,1
32,4,2,3,4,2,2,2,2
32,4,3,1,1,1,1,1,3
32,5,1,1,3,1,2,3,1
32,5,2,4,3,2,1,3,2
32,5,3,3,2,2,2,3,2
32,6,1,4,1,1,1,1,2
32,6,2,1,1,1,2,1,3
32,6,3,1,4,2,1,1,1
32,7,1,2,4,2,2,2,1
32,7,2,2,2,2,2,2,3
32,7,3,3,3,2,1,3,2
33,1,1,1,1,2,2,2,3
33,1,2,3,3,1,1,2,2
33,1,3,3,2,1,2,3,1
33,2,1,3,3,2,1,1,3
33,2,2,4,3,2,2,3,3
33,2,3,2,1,1,2,1,2
33,3,1,4,4,1,1,3,1
33,3,2,3,4,1,2,1,2
33,3,3,4,4,2,1,2,2
33,4,1,1,1,2,2,3,3
33,4,2,2,2,2,2,1,3
33,4,3,1,3,1,1,1,2
33,5,1,3,1,2,2,2,1
33,5,2,2,4,1,1,1,1
33,5,3,2,2,2,2,3,1
33,6,1,2,2,2,1,2,1
33,6,2,3,3,1,1,2,3
33,6,3,4,2,2,2,3,1
33,7,1,4,2,2,1,3,3
33,7,2,1,4,1,1,2,2
33,7,3,1,1,1,1,1,2
34,1,1,1,2,1,1,1,1
34,1,2,2,3,1,1,1,1
34,1,3,1,2,2,2,1,2
34,2,1,3,1,1,2,2,1
34,2,2,2,3,2,1,3,3
34,2,3,4,4,1,1,3,2
34,3,1,4,4,1,2,1,1
34,3,2,1,2,1,2,1,2
34,3,3,2,1,1,1,3,3
34,4,1,3,3,2,1,2,3
34,4,2,1,2,2,1,1,3
34,4,3,1,1,2,1,3,2
34,5,1,4,4,1,2,3,3
34,5,2,4,2,2,2,2,2
34,5,3,3,4,2,2,2,1
34,6,1,3,4,2,1,2,3
34,6,2,2,3,2,2,3,2
34,6,3,3,2,1,1,2,1
34,7,1,4,3,1,2,2,2
34,7,2,4,1,2,2,1,1
34,7,3,2,1,2,2,3,3
35,1,1,4,1,2,1,1,3
35,1,2,4,1,2,1,3,1
35,1,3,2,4,2,2,2,2
35,2,1,3,2,2,2,3,2
35,2,2,1,2,1,1,1,2
35,2,3,3,1,1,2,3,2
35,3,1,1,3,2,2,2,2
35,3,2,3,4,1,1,2,3
35,3,3,2,2,2,2,1,1
35,4,1,1,2,1,1,1,1
35,4,2,4,1,1,2,3,3
35,4,3,4,4,2,1,3,3
35,5,1,3,4,2,1,1,1
35,5,2,1,3,1,2,2,2
35,5,3,4,4,1,2,1,3
35,6,1,3,2,1,1,2,1
35,6,2,2,1,1,1,2,1
35,6,3,2,4,2,1,1,2
35,7,1,2,3,1,2,2,3
35,7,2,1,3,2,2,3,1
35,7,3,2,3,1,2,3,3
36,1,1,4,4,2,2,1,1
36,1,2,1,1,2,2,1,2
36,1,3,4,1,1,2,3,3
36,2,1,2,2,2,2,2,1
36,2,2,3,3,1,1,3,3
36,2,3,2,1,1,2,2,1
36,3,1,2,2,2,2,2,3
36,3,2,1,4,1,1,1,1
36,3,3,1,3,1,1,1,3
36,4,1,3,2,1,1,3,2
36,4,2,4,4,1,1,3,3
36,4,3,1,3,2,1,2,3
36,5,1,3,2,1,2,3,2
36,5,2,2,3,1,1,1,3
36,5,3,3,1,1,1,2,2
36,6,1,1,1,2,1,2,1
36,6,2,2,2,1,2,1,2
36,6,3,4,3,2,1,3,1
36,7,1,3,4,2,2,2,2
36,7,2,1,2,2,2,1,1
36,7,3,4,4,2,1,3,2
37,1,1,2,4,2,2,3,2
37,1,2,1,3,1,1,2,1
37,1,3,2,1,1,2,3,2
37,2,1,3,2,1,1,1,3
37,2,2,3,4,1,1,2,3
37,2,3,2,2,1,2,2,1
37,3,1,3,2,2,2,3,1
37,3,2,1,3,1,2,2,1
37,3,3,4,3,2,1,3,2
37,4,1,3,1,1,1,3,2
37,4,2,1,1,1,1,3,2
37,4,3,1,3,2,1,1,2
37,5,1,2,4,2,2,1,3
37,5,2,4,2,1,1,1,3
37,5,3,3,2,1,2,3,3
37,6,1,3,4,2,2,2,3
37,6,2,4,3,2,2,1,1
37,6,3,1,2,2,1,2,1
37,7,1,4,1,1,2,1,1
37,7,2,1,1,1,1,2,2
37,7,3,4,3,2,2,3,3
38,1,1,2,1,1,1,3,3
38,1,2,1,3,1,1,2,3
38,1,3,2,3,2,1,3,2
38,2,1,3,2,2,2,2,3
38,2,2,3,1,2,1,1,1
38,2,3,1,2,1,2,1,1
38,3,1,1,4,1,1,1,1
38,3,2,2,4,2,1,3,2
38,3,3,1,3,2,1,3,1
38,4,1,4,2,1,1,3,3
38,4,2,2,1,1,1,1,1
38,4,3,4,3,1,2,2,1
38,5,1,3,4,1,1,2,3
38,5,2,4,1,2,2,2,2
38,5,3,4,3,2,2,3,2
38,6,1,3,4,2,1,1,2
38,6,2,2,1,1,2,2,2
38,6,3,3,2,1,2,1,3
38,7,1,4,3,1,2,1,3
38,7,2,4,2,2,2,3,1
38,7,3,1,4,2,2,2,2
39,1,1,1,3,1,2,3,3
39,1,2,1,1,1,2,2,1
39,1,3,3,3,2,1,3,2
39,2,1,4,4,2,2,1,3
39,2,2,4,2,2,1,1,1
39,2,3,1,4,1,1,2,3
39,3,1,2,2,2,2,1,1
39,3,2,2,3,1,1,3,3
39,3,3,4,2,2,2,3,3
39,4,1,3,3,2,1,3,3
39,4,2,2,1,1,2,3,2
39,4,3,2,2,2,1,1,2
39,5,1,3,3,2,1,3,3
39,5,2,2,4,1,1,2,2
39,5,3,3,1,1,2,2,2
39,6,1,4,1,2,2,2,1
39,6,2,3,4,1,1,1,1
39,6,3,4,1,1,2,1,2
39,7,1,2,2,1,2,1,2
39,7,2,1,4,2,1,2,1
39,7,3,1,3,1,1,2,1
40,1,1,3,4,1,2,2,1
40,1,2,3,4,2,1,2,1
40,1,3,1,1,2,1,3,3
40,2,1,1,2,1,2,3,1
40,2,2,3,3,1,2,3,3
40,2,3,4,1,2,2,1,3
40,3,1,2,4,2,1,2,3
40,3,2,1,2,2,1,3,2
40,3,3,2,1,2,1,1,2
40,4,1,1,2,2,2,1,3
40,4,2,3,1,1,1,2,3
40,4,3,4,1,1,1,1,1
40,5,1,2,3,1,1,1,1
40,5,2,1,4,1,2,2,2
40,5,3,3,3,1,2,3,2
40,6,1,4,3,2,2,2,3
40,6,2,1,4,2,2,3,1
40,6,3,4,3,1,1,1,2
40,7,1,4,2,2,1,2,1
40,7,2,2,2,1,1,3,2
40,7,3,2,3,2,2,1,2
41,1,1,3,1,2,1,3,3
41,1,2,1,4,2,2,3,1
41,1,3,4,3,2,2,2,1
41,2,1,1,1,1,2,2,3
41,2,2,1,3,2,2,2,3
41,2,3,1,4,2,1,3,1
41,3,1,2,2,2,2,2,2
41,3,2,4,2,2,1,1,3
41,3,3,3,2,1,2,1,1
41,4,1,3,1,2,2,1,2
41,4,2,3,2,2,2,1,2
41,4,3,3,1,1,2,2,1
41,5,1,4,4,1,1,1,3
41,5,2,4,2,1,1,1,2
41,5,3,2,4,1,1,2,1
41,6,1,2,3,2,1,3,2
41,6,2,2,1,1,1,2,1
41,6,3,2,3,1,2,1,3
41,7,1,1,3,1,1,3,3
41,7,2,2,4,1,1,3,2
41,7,3,4,1,2,1,3,2
42,1,1,3,2,2,2,2,3
42,1,2,3,4,1,2,2,2
42,1,3,2,4,1,1,3,1
42,2,1,3,3,2,2,1,1
42,2,2,1,4,1,2,1,2
42,2,3,1,1,1,2,3,3
42,3,1,1,2,2,1,3,3
42,3,2,4,4,1,1,3,1
42,3,3,3,1,2,1,1,2
42,4,1,2,1,2,1,3,2
42,4,2,2,1,2,2,2,1
42,4,3,3,3,2,1,1,2
42,5,1,2,2,1,2,1,1
42,5,2,1,3,2,1,3,1
42,5,3,4,4,1,2,2,2
42,6,1,4,4,2,2,1,3
42,6,2,2,2,1,2,2,3
42,6,3,4,3,1,1,2,1
42,7,1,4,2,1,1,1,3
42,7,2,1,1,2,1,3,2
42,7,3,2,3,2,1,2,3
43,1,1,3,3,2,1,1,3
43,1,2,2,4,1,1,1,3
43,1,3,4,4,1,1,2,3
43,2,1,3,2,1,2,3,3
43,2,2,4,1,2,1,2,2
43,2,3,1,2,1,2,2,1
43,3,1,3,4,1,2,2,1
43,3,2,1,4,2,1,3,2
43,3,3,1,2,2,2,1,3
43,4,1,2,3,2,1,2,2
43,4,2,1,1,1,2,2,2
43,4,3,1,1,2,2,1,1
43,5,1,2,2,1,1,3,1
43,5,2,4,3,1,1,1,1
43,5,3,4,1,2,2,1,3
43,6,1,3,1,1,2,3,1
43,6,2,2,3,2,2,2,2
43,6,3,4,3,2,2,3,3
43,7,1,3,4,1,1,1,1
43,7,2,2,2,1,1,3,2
43,7,3,2,1,2,2,3,2
44,1,1,1,4,2,1,2,3
44,1,2,4,1,2,1,1,2
44,1,3,3,4,2,2,2,1
44,2,1,2,4,1,1,2,1
44,2,2,3,1,1,1,3,3
44,2,3,2,3,1,2,1,3
44,3,1,2,2,1,2,3,2
44,3,2,3,1,1,1,1,3
44,3,3,4,1,2,1,3,2
44,4,1,4,1,2,2,2,2
44,4,2,1,3,2,1,1,3
44,4,3,1,3,2,2,1,1
44,5,1,1,2,1,2,3,3
44,5,2,2,2,2,1,2,2
44,5,3,4,4,2,1,1,2
44,6,1,4,3,1,1,3,2
44,6,2,2,2,1,1,3,1
44,6,3,3,4,2,2,2,1
44,7,1,1,3,2,2,1,1
44,7,2,3,1,1,2,2,3
44,7,3,3,2,1,2,3,1
45,1,1,1,1,2,1,1,1
45,1,2,4,2,1,1,1,2
45,1,3,3,2,2,1,2,2
45,2,1,3,2,1,2,1,3
45,2,2,1,2,2,2,1,3
45,2,3,3,4,1,2,3,3
45,3,1,2,1,2,2,1,3
45,3,2,2,1,1,1,2,2
45,3,3,4,4,2,1,1,1
45,4,1,2,1,1,2,3,1
45,4,2,4,4,2,2,2,3
45,4,3,4,3,2,1,3,3
45,5,1,2,4,2,2,2,2
45,5,2,1,2,2,2,3,2
45,5,3,4,3,1,1,2,1
45,6,1,2,3,1,1,2,2
45,6,2,1,3,1,2,3,1
45,6,3,3,4,2,2,3,2
45,7,1,2,3,1,2,2,3
45,7,2,1,1,1,1,3,1
45,7,3,3,1,2,1,1,1
46,1,1,3,3,2,2,1,3
46,1,2,1,2,2,2,1,1
46,1,3,1,4,1,1,1,1
46,2,1,4,3,2,1,3,3
46,2,2,2,2,1,1,2,1
46,2,3,1,3,2,2,3,3
46,3,1,3,1,1,1,1,3
46,3,2,2,2,2,1,2,2
46,3,3,4,2,1,1,3,2
46,4,1,4,2,1,1,3,2
46,4,2,3,2,1,1,2,2
46,4,3,3,4,1,2,2,1
46,5,1,2,1,2,2,3,1
46,5,2,4,4,2,1,1,2
46,5,3,1,4,2,2,1,1
46,6,1,1,4,2,2,2,2
46,6,2,2,1,1,2,2,1
46,6,3,2,1,2,2,3,3
46,7,1,1,3,1,1,1,2
46,7,2,3,1,2,1,3,3
46,7,3,4,3,1,2,2,3
47,1,1,3,4,1,2,3,1
47,1,2,1,4,1,2,1,3
47,1,3,1,2,2,2,2,1
47,2,1,4,1,2,2,2,3
47,2,2,2,4,1,1,2,2
47,2,3,4,3,1,1,1,2
47,3,1,3,3,2,1,3,2
47,3,2,2,2,2,1,3,1
47,3,3,4,3,1,1,1,3
47,4,1,2,3,2,1,2,2
47,4,2,1,1,2,2,2,2
47,4,3,3,1,2,1,2,3
47,5,1,2,4,1,2,1,3
47,5,2,1,1,2,2,2,1
47,5,3,4,2,2,2,1,3
47,6,1,3,1,2,2,1,1
47,6,2,4,4,1,1,3,3
47,6,3,2,2,1,2,3,2
47,7,1,3,3,1,1,3,2
47,7,2,1,2,1,2,1,1
47,7,3,4,3,1,1,3,1
48,1,1,2,4,1,1,3,2
48,1,2,2,4,1,1,3,3
48,1,3,1,1,2,2,3,2
48,2,1,3,4,2,2,1,1
48,2,2,2,2,1,1,1,2
48,2,3,2,1,2,1,2,1
48,3,1,4,2,2,1,2,3
48,3,2,1,2,2,1,2,3
48,3,3,4,4,2,1,3,1
48,4,1,3,3,1,1,3,3
48,4,2,3,4,1,2,1,1
48,4,3,1,4,1,2,2,2
48,5,1,4,3,1,2,3,2
48,5,2,3,3,1,1,1,3
48,5,3,1,2,2,2,3,1
48,6,1,4,1,2,1,1,2
48,6,2,2,3,2,2,2,2
48,6,3,4,1,2,2,2,1
48,7,1,4,2,1,2,1,3
48,7,2,3,1,1,2,1,1
48,7,3,1,3,1,1,2,3
49,1,1,2,3,2,1,1,3
49,1,2,2,4,1,2,3,2
49,1,3,1,1,2,1,2,2
49,2,1,2,1,2,1,3,1
49,2,2,2,3,2,2,3,1
49,2,3,3,2,2,1,1,3
49,3,1,4,3,2,2,2,2
49,3,2,4,3,2,1,3,3
49,3,3,4,2,1,2,3,1
49,4,1,1,3,2,2,1,3
49,4,2,3,1,1,1,2,1
49,4,3,2,1,1,2,2,2
49,5,1,3,2,1,1,1,2
49,5,2,1,1,2,2,1,2
49,5,3,1,4,1,2,3,3
49,6,1,1,4,2,1,2,2
49,6,2,4,2,1,1,2,3
49,6,3,4,1,1,2,1,1
49,7,1,3,4,2,2,2,1
49,7,2,2,2,1,1,3,1
49,7,3,3,4,1,1,1,3
50,1,1,3,3,1,1,3,1
50,1,2,2,1,1,1,1,1
50,1,3,4,4,1,2,2,3
50,2,1,2,2,2,2,3,3
50,2,2,3,2,2,2,2,1
50,2,3,1,1,1,1,1,2
50,3,1,2,4,1,1,2,2
50,3,2,1,4,2,2,3,1
50,3,3,4,4,2,2,2,3
50,4,1,3,1,1,2,1,1
50,4,2,4,4,2,2,1,1
50,4,3,1,3,1,1,3,2
50,5,1,3,3,1,2,1,3
50,5,2,4,1,1,1,1,2
50,5,3,2,1,2,1,1,3
50,6,1,2,4,2,1,3,1
50,6,2,4,2,1,2,2,2
50,6,3,3,2,2,1,3,2
50,7,1,1,3,2,2,2,3
50,7,2,1,3,2,1,2,3
50,7,3,1,2,2,1,3,2
51,1,1,2,4,2,2,1,2
51,1,2,1,2,2,2,3,3
51,1,3,4,4,1,1,3,1
51,2,1,1,4,2,1,2,3
51,2,2,2,3,2,1,3,3
51,2,3,2,4,2,2,1,1
51,3,1,4,2,1,1,3,1
51,3,2,2,2,2,2,2,2
51,3,3,3,1,2,1,2,2
51,4,1,4,2,2,1,2,1
51,4,2,1,3,1,1,1,3
51,4,3,1,3,1,2,3,2
51,5,1,3,1,1,2,1,2
51,5,2,2,3,1,2,1,1
51,5,3,3,1,1,2,3,3
51,6,1,4,2,1,1,1,1
51,6,2,2,3,1,2,2,2
51,6,3,3,1,2,1,1,1
51,7,1,4,4,1,2,2,3
51,7,2,3,1,2,1,3,2
51,7,3,1,4,1,1,2,3
52,1,1,4,4,1,2,2,1
52,1,2,3,1,1,1,1,3
52,1,3,1,1,2,1,1,1
52,2,1,4,2,2,2,2,3
52,2,2,2,1,2,1,3,2
52,2,3,3,2,1,1,2,1
52,3,1,3,2,2,1,2,1
52,3,2,4,3,2,1,1,2
52,3,3,1,1,2,1,3,2
52,4,1,2,4,2,1,3,3
52,4,2,1,3,1,1,3,2
52,4,3,4,3,2,2,1,3
52,5,1,1,3,1,2,1,3
52,5,2,2,4,1,1,2,1
52,5,3,1,4,1,2,3,3
52,6,1,2,4,1,1,2,3
52,6,2,4,2,1,2,1,2
52,6,3,1,2,1,2,1,2
52,7,1,3,3,2,2,3,1
52,7,2,2,2,2,2,3,2
52,7,3,3,1,1,2,2,1
53,1,1,2,1,2,2,3,1
53,1,2,2,4,2,1,2,1
53,1,3,1,1,1,1,2,1
53,2,1,4,2,1,1,3,3
53,2,2,4,4,2,1,1,1
53,2,3,1,2,1,2,1,3
53,3,1,3,1,2,2,1,1
53,3,2,4,4,1,2,3,2
53,3,3,1,4,2,2,1,2
53,4,1,3,1,1,2,3,2
53,4,2,4,3,2,2,2,3
53,4,3,3,1,1,2,3,1
53,5,1,4,2,2,1,2,2
53,5,2,1,4,1,1,2,2
53,5,3,3,3,1,2,2,3
53,6,1,3,1,1,2,3,3
53,6,2,1,3,2,2,2,1
53,6,3,3,2,2,1,1,3
53,7,1,2,3,2,1,1,2
53,7,2,1,4,2,1,1,1
53,7,3,2,2,1,1,3,3
54,1,1,4,1,2,1,2,2
54,1,2,4,3,2,1,2,3
54,1,3,3,4,1,2,3,1
54,2,1,1,4,2,2,1,2
54,2,2,2,1,1,1,3,3
54,2,3,4,2,2,2,1,3
54,3,1,3,4,1,1,3,1
54,3,2,2,3,2,2,1,1
54,3,3,4,1,1,1,3,1
54,4,1,2,4,1,2,2,2
54,4,2,1,3,1,2,2,1
54,4,3,2,2,1,2,1,2
54,5,1,3,1,2,2,1,2
54,5,2,4,1,1,1,3,3
54,5,3,1,2,1,1,3,3
54,6,1,1,3,1,1,2,3
54,6,2,1,3,2,1,2,1
54,6,3,3,1,2,2,3,2
54,7,1,2,4,2,2,1,3
54,7,2,2,2,2,1,1,2
54,7,3,3,2,1,1,2,1
55,1,1,2,3,2,1,3,3
55,1,2,4,4,2,2,2,1
55,1,3,1,2,2,1,1,2
55,2,1,3,1,2,1,1,1
55,2,2,3,4,1,2,2,3
55,2,3,4,4,1,2,2,1
55,3,1,3,1,1,2,1,2
55,3,2,3,2,1,1,1,3
55,3,3,1,1,2,2,3,1
55,4,1,4,2,2,1,1,3
55,4,2,2,3,1,1,2,1
55,4,3,2,1,1,2,3,3
55,5,1,1,2,1,2,2,2
55,5,2,2,3,2,1,3,2
55,5,3,2,3,2,2,2,2
55,6,1,4,4,2,2,2,3
55,6,2,4,1,1,2,1,3
55,6,3,1,2,1,1,3,2
55,7,1,3,4,2,1,1,2
55,7,2,1,3,2,2,3,1
55,7,3,3,1,1,1,3,1
56,1,1,4,2,1,2,1,3
56,1,2,3,4,2,1,2,1
56,1,3,4,1,1,1,1,2
56,2,1,2,3,2,2,1,3
56,2,2,2,3,1,1,2,1
56,2,3,1,3,1,1,2,1
56,3,1,1,1,1,2,2,3
56,3,2,3,2,2,1,1,2
56,3,3,1,4,1,2,2,2
56,4,1,2,1,2,1,3,3
56,4,2,4,1,2,2,3,3
56,4,3,4,1,1,2,2,1
56,5,1,3,4,2,1,3,2
56,5,2,4,3,2,1,1,1
56,5,3,3,2,2,1,3,2
56,6,1,1,3,1,2,3,1
56,6,2,1,4,1,1,3,2
56,6,3,2,2,2,2,1,3
56,7,1,1,2,2,1,1,3
56,7,2,3,2,1,2,3,2
56,7,3,2,4,2,2,2,1
57,1,1,3,4,1,2,1,3
57,1,2,1,1,2,1,2,1
57,1,3,2,1,1,2,1,3
57,2,1,1,3,2,1,3,2
57,2,2,3,2,2,1,1,2
57,2,3,2,4,1,2,3,3
57,3,1,2,3,2,1,2,1
57,3,2,3,3,2,1,3,1
57,3,3,3,2,1,1,1,3
57,4,1,4,4,1,2,2,2
57,4,2,1,2,1,2,2,2
57,4,3,3,3,1,2,3,1
57,5,1,4,2,1,2,3,3
57,5,2,1,1,2,1,3,1
57,5,3,2,1,1,2,2,2
57,6,1,4,1,1,2,1,2
57,6,2,1,2,2,1,1,1
57,6,3,2,4,2,2,1,3
57,7,1,3,4,2,1,3,3
57,7,2,4,3,2,1,2,2
57,7,3,4,2,1,1,2,1
58,1,1,4,2,1,2,3,3
58,1,2,1,4,1,2,2,3
58,1,3,3,3,1,2,3,1
58,2,1,3,2,2,1,3,2
58,2,2,1,4,1,1,2,3
58,2,3,4,2,1,1,1,2
58,3,1,4,1,2,2,1,3
58,3,2,1,3,2,2,1,2
58,3,3,3,1,1,2,3,1
58,4,1,2,4,2,2,3,2
58,4,2,2,2,1,2,2,1
58,4,3,2,1,2,2,2,3
58,5,1,1,4,2,1,1,2
58,5,2,2,2,2,1,2,1
58,5,3,4,1,1,1,1,3
58,6,1,3,3,2,2,2,3
58,6,2,3,1,1,1,1,2
58,6,3,2,3,2,1,1,1
58,7,1,4,2,1,2,2,1
58,7,2,1,4,2,1,3,1
58,7,3,1,3,1,1,3,2
59,1,1,3,2,2,2,2,3
59,1,2,3,3,2,2,1,3
59,1,3,4,4,1,2,2,3
59,2,1,3,3,2,2,3,1
59,2,2,4,4,2,1,3,2
59,2,3,1,1,2,1,1,3
59,3,1,2,3,2,2,1,3
59,3,2,1,1,1,2,2,2
59,3,3,4,4,2,1,3,1
59,4,1,4,1,2,2,3,2
59,4,2,3,3,1,2,1,2
59,4,3,2,2,2,2,1,2
59,5,1,4,2,1,1,2,2
59,5,2,3,4,1,1,3,1
59,5,3,2,2,1,1,1,2
59,6,1,2,1,1,1,2,1
59,6,2,1,1,2,2,2,1
59,6,3,3,2,1,1,1,3
59,7,1,1,3,1,1,3,1
59,7,2,1,4,1,1,2,3
59,7,3,2,2,2,2,3,1
60,1,1,1,4,2,2,3,1
60,1,2,3,1,1,1,1,1
60,1,3,4,3,2,1,2,2
60,2,1,2,1,2,1,1,2
60,2,2,2,3,2,2,3,3
60,2,3,1,2,1,2,3,2
60,3,1,4,4,1,2,1,3
60,3,2,4,2,1,2,3,3
60,3,3,2,3,1,1,3,1
60,4,1,3,2,1,1,2,1
60,4,2,2,2,2,1,1,1
60,4,3,3,4,1,1,3,3
60,5,1,4,2,2,1,2,1
60,5,2,3,3,1,2,3,2
60,5,3,1,1,2,2,2,2
60,6,1,1,2,2,1,1,1
60,6,2,3,4,2,2,1,3
60,6,3,4,1,1,2,2,3
60,7,1,2,1,1,2,1,2
60,7,2,1,4,2,1,2,2
60,7,3,3,3,2,2,2,3
61,1,1,1,4,1,2,1,1
61,1,2,1,2,1,1,2,2
61,1,3,4,1,2,2,2,3
61,2,1,2,1,1,1,2,3
61,2,2,3,4,1,2,1,3
61,2,3,4,3,2,1,2,1
61,3,1,3,3,2,2,1,1
61,3,2,3,1,2,2,1,3
61,3,3,4,3,1,1,3,3
61,4,1,2,4,2,2,1,1
61,4,2,3,2,2,1,3,1
61,4,3,1,3,1,2,1,2
61,5,1,4,1,1,1,3,2
61,5,2,3,3,2,1,1,3
61,5,3,3,1,1,1,3,2
61,6,1,2,2,1,1,2,1
61,6,2,4,2,1,2,2,2
61,6,3,2,4,2,2,3,3
61,7,1,1,2,2,2,3,2
61,7,2,1,1,2,1,3,1
61,7,3,2,4,1,1,2,2
62,1,1,1,1,2,2,2,3
62,1,2,3,4,2,1,2,3
62,1,3,4,1,2,1,3,1
62,2,1,1,3,1,2,3,3
62,2,2,2,2,2,1,1,2
62,2,3,1,4,2,1,2,1
62,3,1,1,3,1,2,1,2
62,3,2,4,3,1,1,1,3
62,3,3,1,4,1,1,1,3
62,4,1,2,3,1,1,2,2
62,4,2,3,3,2,2,3,2
62,4,3,4,1,2,2,1,2
62,5,1,2,4,1,2,3,1
62,5,2,4,3,1,1,3,2
62,5,3,4,2,2,1,2,1
62,6,1,3,2,1,1,3,1
62,6,2,2,1,2,2,1,1
62,6,3,3,2,1,2,3,3
62,7,1,2,4,1,2,2,3
62,7,2,4,1,2,2,2,2
62,7,3,3,2,1,1,1,1
63,1,1,2,1,1,1,1,1
63,1,2,2,2,2,1,1,2
63,1,3,4,1,2,1,3,3
63,2,1,1,1,1,1,3,3
63,2,2,4,3,1,2,3,3
63,2,3,3,2,1,2,3,2
63,3,1,3,3,1,2,2,2
63,3,2,4,1,2,1,3,1
63,3,3,3,3,2,2,2,2
63,4,1,2,4,2,1,2,1
63,4,2,1,3,1,1,2,2
63,4,3,2,4,2,2,1,2
63,5,1,1,1,1,2,2,1
63,5,2,3,2,1,1,1,3
63,5,3,4,3,2,2,1,3
63,6,1,3,1,2,2,3,1
63,6,2,4,2,2,1,1,2
63,6,3,1,4,2,1,1,1
63,7,1,2,4,2,1,2,3
63,7,2,1,4,1,2,2,1
63,7,3,2,2,1,2,3,3
64,1,1,3,4,2,1,2,2
64,1,2,2,3,1,1,1,3
64,1,3,2,4,2,2,2,3
64,2,1,3,4,1,1,2,1
64,2,2,2,3,1,1,1,2
64,2,3,3,2,2,1,1,2
64,3,1,1,2,1,2,3,2
64,3,2,3,3,2,1,3,2
64,3,3,1,1,1,2,1,1
64,4,1,4,2,1,1,2,3
64,4,2,2,3,2,2,3,2
64,4,3,4,1,2,1,1,3
64,5,1,2,3,1,2,3,2
64,5,2,4,1,1,2,3,1
64,5,3,4,4,2,1,3,3
64,6,1,3,2,2,2,1,3
64,6,2,4,4,1,2,1,1
64,6,3,1,1,1,2,3,1
64,7,1,1,2,1,1,2,1
64,7,2,2,3,2,2,2,1
64,7,3,1,1,2,2,2,3
65,1,1,4,3,2,2,2,2
65,1,2,2,3,1,1,2,3
65,1,3,4,4,2,2,2,1
65,2,1,2,1,2,1,3,1
65,2,2,3,4,2,2,2,2
65,2,3,1,2,2,1,3,3
65,3,1,1,3,1,2,2,2
65,3,2,4,2,1,2,1,1
65,3,3,1,2,1,1,3,3
65,4,1,1,3,2,2,1,3
65,4,2,3,1,2,1,1,2
65,4,3,1,2,1,2,3,1
65,5,1,1,4,1,1,3,1
65,5,2,4,1,1,1,1,3
65,5,3,3,1,2,1,2,1
65,6,1,3,1,1,1,1,3
65,6,2,2,3,1,2,1,1
65,6,3,3,3,2,2,2,2
65,7,1,4,4,1,1,3,3
65,7,2,2,2,1,1,3,2
65,7,3,2,4,2,2,1,2
66,1,1,4,4,2,2,3,2
66,1,2,1,1,2,1,1,3
66,1,3,3,4,1,1,2,1
66,2,1,4,3,2,2,3,1
66,2,2,1,3,2,2,2,1
66,2,3,2,2,2,1,1,3
66,3,1,2,3,1,1,2,3
66,3,2,2,4,2,2,1,3
66,3,3,3,3,1,2,2,1
66,4,1,4,2,1,1,1,2
66,4,2,2,2,2,2,2,2
66,4,3,3,4,2,2,1,2
66,5,1,1,1,2,1,2,2
66,5,2,2,2,1,1,1,3
66,5,3,4,4,1,1,3,1
66,6,1,3,1,1,2,3,3
66,6,2,2,3,1,2,3,2
66,6,3,4,2,1,1,2,2
66,7,1,1,1,1,1,3,3
66,7,2,3,1,2,2,3,1
66,7,3,1,4,2,1,1,1
67,1,1,2,3,1,1,2,3
67,1,2,3,4,1,2,1,1
67,1,3,1,2,2,2,1,1
67,2,1,2,4,2,1,1,3
67,2,2,3,4,2,2,3,1
67,2,3,2,3,2,2,3,3
67,3,1,4,1,2,1,2,2
67,3,2,3,3,1,2,1,1
67,3,3,4,2,2,2,3,1
67,4,1,2,4,2,2,2,3
67,4,2,1,1,1,1,2,1
67,4,3,1,3,1,1,1,2
67,5,1,1,3,1,1,3,3
67,5,2,4,2,2,1,2,3
67,5,3,4,1,1,2,2,2
67,6,1,2,2,1,2,1,2
67,6,2,1,1,1,1,3,1
67,6,3,4,2,2,1,3,2
67,7,1,3,1,2,2,3,2
67,7,2,3,4,2,1,2,3
67,7,3,3,2,1,2,1,2
68,1,1,3,1,1,2,2,3
68,1,2,2,2,2,1,1,2
68,1,3,1,1,2,1,1,2
68,2,1,4,2,1,1,1,3
68,2,2,1,4,1,1,2,1
68,2,3,3,3,1,2,3,3
68,3,1,3,1,1,2,3,3
68,3,2,4,1,1,1,2,3
68,3,3,1,1,1,1,2,2
68,4,1,4,4,2,2,3,3
68,4,2,2,3,2,1,1,1
68,4,3,2,3,1,1,3,2
68,5,1,3,4,2,2,1,1
68,5,2,1,3,2,2,3,2
68,5,3,2,4,2,2,2,1
68,6,1,4,4,2,1,1,3
68,6,2,3,2,2,2,1,1
68,6,3,2,3,2,1,2,1
68,7,1,2,2,2,2,3,2
68,7,2,1,4,1,2,2,1
68,7,3,4,2,1,2,3,2
69,1,1,4,4,1,1,2,3
69,1,2,1,1,1,2,3,2
69,1,3,2,1,1,2,1,1
69,2,1,1,3,2,1,1,3
69,2,2,1,1,2,2,2,3
69,2,3,3,2,1,1,2,2
69,3,1,4,2,2,2,3,1
69,3,2,2,4,2,1,2,2
69,3,3,3,4,1,1,1,1
69,4,1,1,3,2,2,2,2
69,4,2,4,3,2,2,1,3
69,4,3,1,3,1,1,2,1
69,5,1,2,1,1,2,3,2
69,5,2,3,2,1,1,3,1
69,5,3,4,4,2,2,1,2
69,6,1,4,1,1,1,3,1
69,6,2,4,2,2,1,2,3
69,6,3,3,2,1,1,1,3
69,7,1,2,4,2,2,1,1
69,7,2,3,3,1,2,3,2
69,7,3,2,4,2,2,3,3
70,1,1,4,2,1,2,3,2
70,1,2,3,1,2,2,2,2
70,1,3,1,4,1,2,3,1
70,2,1,1,3,1,1,1,1
70,2,2,1,4,2,1,2,3
70,2,3,2,1,2,2,2,1
70,3,1,2,1,1,1,3,1
70,3,2,1,4,2,1,2,2
70,3,3,2,3,1,2,3,2
70,4,1,3,1,1,2,1,1
70,4,2,2,2,2,2,2,3
70,4,3,4,2,1,1,3,1
70,5,1,4,1,2,1,2,3
70,5,2,3,2,1,1,3,3
70,5,3,1,4,2,1,1,2
70,6,1,2,3,2,1,1,3
70,6,2,4,4,2,2,2,2
70,6,3,4,2,1,2,3,2
70,7,1,4,3,1,1,1,3
70,7,2,3,3,2,2,1,1
70,7,3,3,4,1,1,1,3
71,1,1,2,4,1,2,1,3
71,1,2,4,2,1,1,3,3
71,1,3,4,1,1,1,2,2
71,2,1,2,2,2,2,3,2
71,2,2,4,2,2,2,1,1
71,2,3,1,4,2,2,3,1
71,3,1,2,3,1,2,2,1
71,3,2,1,3,1,2,1,1
71,3,3,3,2,2,1,2,2
71,4,1,2,4,1,2,1,2
71,4,2,3,3,2,2,3,3
71,4,3,1,1,1,1,2,3
71,5,1,2,4,2,2,1,1
71,5,2,1,3,2,1,1,2
71,5,3,3,1,2,2,2,3
71,6,1,1,2,2,1,3,1
71,6,2,4,1,2,1,2,3
71,6,3,1,1,1,1,3,2
71,7,1,3,3,1,1,2,2
71,7,2,3,4,2,1,1,1
71,7,3,4,4,1,2,3,3
72,1,1,3,4,2,1,3,3
72,1,2,3,4,1,2,3,1
72,1,3,1,2,1,2,3,3
72,2,1,1,4,1,2,1,2
72,2,2,4,1,1,1,2,1
72,2,3,4,3,2,1,1,3
72,3,1,1,3,2,2,2,2
72,3,2,3,2,2,2,1,1
72,3,3,1,3,2,1,3,1
72,4,1,3,1,2,1,1,3
72,4,2,2,4,2,2,2,2
72,4,3,4,2,2,1,2,3
72,5,1,2,1,2,2,3,1
72,5,2,4,1,2,2,3,2
72,5,3,1,4,2,2,2,3
72,6,1,2,2,1,1,1,1
72,6,2,2,3,1,1,3,2
72,6,3,4,2,1,2,2,2
72,7,1,1,2,1,1,1,1
72,7,2,3,1,1,1,2,2
72,7,3,2,3,1,1,1,3
73,1,1,4,2,1,2,1,2
73,1,2,2,4,2,1,2,2
73,1,3,4,4,1,2,2,3
73,2,1,3,1,1,2,1,3
73,2,2,4,2,2,1,3,2
73,2,3,1,1,1,2,1,3
73,3,1,1,4,2,2,1,3
73,3,2,1,1,1,1,3,2
73,3,3,1,3,1,1,1,2
73,4,1,3,3,2,2,3,1
73,4,2,2,2,2,2,2,1
73,4,3,2,2,1,1,2,1
73,5,1,4,1,2,2,3,1
73,5,2,3,2,2,1,3,3
73,5,3,2,4,2,2,1,2
73,6,1,4,3,1,1,3,2
73,6,2,3,2,1,1,2,1
73,6,3,1,3,2,2,3,3
73,7,1,3,3,2,2,2,1
73,7,2,2,1,2,1,2,1
73,7,3,3,4,1,1,1,3
74,1,1,4,2,1,1,1,2
74,1,2,3,1,2,2,1,1
74,1,3,3,2,1,1,2,3
74,2,1,4,3,2,2,2,2
74,2,2,1,3,2,1,3,3
74,2,3,4,1,2,1,2,1
74,3,1,1,1,1,1,2,1
74,3,2,1,1,1,1,1,1
74,3,3,2,4,1,2,3,3
74,4,1,3,4,2,2,3,2
74,4,2,1,2,1,2,1,3
74,4,3,3,3,2,1,2,2
74,5,1,4,1,1,2,1,2
74,5,2,1,2,2,2,3,2
74,5,3,3,3,1,2,2,1
74,6,1,2,1,2,1,1,3
74,6,2,2,3,1,1,3,2
74,6,3,4,4,2,2,3,3
74,7,1,3,4,2,2,2,1
74,7,2,2,2,2,1,3,3
74,7,3,2,4,1,1,1,1
75,1,1,4,3,1,1,2,3
75,1,2,4,4,2,1,3,1
75,1,3,1,4,1,2,3,3
75,2,1,4,1,1,1,2,3
75,2,2,2,2,2,1,3,1
75,2,3,2,4,2,2,3,1
75,3,1,3,4,1,1,2,2
75,3,2,1,4,1,1,3,2
75,3,3,4,1,2,1,1,2
75,4,1,3,3,2,2,1,2
75,4,2,3,2,1,2,2,2
75,4,3,1,3,2,2,2,2
75,5,1,2,2,1,2,1,1
75,5,2,2,1,1,2,2,3
75,5,3,3,4,2,2,3,3
75,6,1,1,1,2,2,1,3
75,6,2,2,2,1,1,1,1
75,6,3,4,2,2,1,3,1
75,7,1,3,1,1,2,2,2
75,7,2,4,3,2,1,1,1
75,7,3,1,3,1,2,1,3
76,1,1,4,1,1,1,1,1
76,1,2,2,3,2,1,2,1
76,1,3,3,3,1,1,1,2
76,2,1,1,1,1,1,3,3
76,2,2,3,1,1,2,2,3
76,2,3,1,2,2,1,1,1
76,3,1,2,1,1,1,3,1
76,3,2,4,4,1,2,2,1
76,3,3,1,4,2,1,2,2
76,4,1,4,3,2,2,2,2
76,4,2,3,1,1,2,3,2
76,4,3,1,4,1,2,3,3
76,5,1,2,1,1,1,3,3
76,5,2,2,3,2,1,2,1
76,5,3,3,2,2,1,1,2
76,6,1,3,2,2,2,1,3
76,6,2,4,3,1,2,3,2
76,6,3,3,2,2,2,1,2
76,7,1,2,4,2,2,3,1
76,7,2,1,2,2,1,1,3
76,7,3,4,4,1,2,2,3
77,1,1,2,3,2,2,2,2
77,1,2,2,4,2,1,1,2
77,1,3,3,2,1,1,1,1
77,2,1,2,1,2,1,2,2
77,2,2,2,3,1,2,3,1
77,2,3,3,2,2,2,2,1
77,3,1,1,4,2,1,1,2
77,3,2,1,2,1,1,3,1
77,3,3,1,1,2,1,3,3
77,4,1,1,1,1,1,2,3
77,4,2,1,3,2,2,3,3
77,4,3,3,2,2,2,1,2
77,5,1,4,1,2,2,1,1
77,5,2,3,4,1,2,2,3
77,5,3,2,4,1,1,2,3
77,6,1,4,3,1,2,1,3
77,6,2,3,1,2,1,2,3
77,6,3,4,1,1,2,3,1
77,7,1,4,3,1,1,3,1
77,7,2,4,2,2,2,3,2
77,7,3,3,4,1,2,1,2
78,1,1,2,1,2,1,2,1
78,1,2,4,4,1,1,2,1
78,1,3,3,1,1,1,2,3
78,2,1,2,3,2,2,3,2
78,2,2,4,4,1,1,2,3
78,2,3,4,1,2,2,3,2
78,3,1,4,4,1,1,1,1
78,3,2,4,4,2,1,1,3
78,3,3,3,3,2,2,1,3
78,4,1,3,2,2,2,1,1
78,4,2,3,3,2,1,3,1
78,4,3,2,2,1,1,1,2
78,5,1,1,2,2,2,2,2
78,5,2,4,1,2,1,2,1
78,5,3,1,3,2,1,3,1
78,6,1,2,3,2,2,1,2
78,6,2,3,4,1,2,2,2
78,6,3,1,1,1,2,3,2
78,7,1,1,2,1,2,3,3
78,7,2,2,2,1,2,3,3
78,7,3,1,3,1,2,1,3
79,1,1,1,2,1,1,1,2
79,1,2,3,1,2,1,3,1
79,1,3,1,1,2,2,2,1
79,2,1,1,4,2,1,2,2
79,2,2,3,4,2,2,3,2
79,2,3,2,1,1,1,1,3
79,3,1,4,2,1,2,2,1
79,3,2,2,3,2,1,2,3
79,3,3,4,4,1,2,1,1
79,4,1,3,2,2,2,3,1
79,4,2,3,3,2,2,2,3
79,4,3,4,4,1,1,3,1
79,5,1,2,3,2,1,1,3
79,5,2,2,4,1,2,1,3
79,5,3,1,1,1,2,1,3
79,6,1,1,3,2,2,1,3
79,6,2,2,4,1,1,2,2
79,6,3,4,2,2,1,3,2
79,7,1,4,3,1,1,2,2
79,7,2,4,1,1,1,3,2
79,7,3,3,2,1,2,3,1
80,1,1,4,1,2,1,3,2
80,1,2,2,1,1,2,1,2
80,1,3,3,2,2,2,2,2
80,2,1,1,3,2,2,3,2
80,2,2,2,1,2,2,2,2
80,2,3,1,4,1,2,2,3
80,3,1,3,4,2,2,3,3
80,3,2,1,3,1,1,1,2
80,3,3,3,4,1,2,1,1
80,4,1,4,3,2,1,2,3
80,4,2,4,4,1,2,1,3
80,4,3,2,1,1,1,3,1
80,5,1,4,3,2,2,3,1
80,5,2,1,3,1,1,1,1
80,5,3,4,2,2,1,1,1
80,6,1,3,3,1,2,2,3
80,6,2,2,1,1,1,2,3
80,6,3,1,2,2,2,1,3
80,7,1,1,4,2,1,2,1
80,7,2,3,2,1,1,3,1
80,7,3,2,2,2,1,3,2
81,1,1,2,4,2,1,1,2
81,1,2,3,3,1,1,3,3
81,1,3,3,4,2,2,1,2
81,2,1,1,2,1,2,2,3
81,2,2,4,1,1,1,3,1
81,2,3,4,3,2,1,2,1
81,3,1,1,1,1,2,1,2
81,3,2,2,2,1,2,2,1
81,3,3,4,3,2,2,1,1
81,4,1,1,4,1,2,1,2
81,4,2,2,2,1,1,2,3
81,4,3,4,2,2,1,1,2
81,5,1,4,1,2,1,2,3
81,5,2,2,3,2,2,2,3
81,5,3,3,2,2,1,3,2
81,6,1,2,3,1,2,3,1
81,6,2,3,4,1,1,3,3
81,6,3,3,1,1,1,3,3
81,7,1,3,1,2,1,1,2
81,7,2,1,2,2,2,2,1
81,7,3,1,4,1,2,3,1
82,1,1,1,2,1,2,1,3
82,1,2,2,4,2,1,3,2
82,1,3,4,3,1,2,1,2
82,2,1,4,4,1,1,1,3
82,2,2,3,1,1,1,2,1
82,2,3,1,4,2,2,2,1
82,3,1,2,1,2,1,3,3
82,3,2,3,2,1,2,3,1
82,3,3,1,3,2,2,2,3
82,4,1,1,3,2,1,2,2
82,4,2,2,3,1,1,1,2
82,4,3,4,2,2,2,1,1
82,5,1,3,3,2,2,1,2
82,5,2,2,3,1,2,3,3
82,5,3,2,1,2,1,2,2
82,6,1,1,1,1,1,3,3
82,6,2,4,4,2,2,1,2
82,6,3,4,2,1,1,2,1
82,7,1,3,4,1,1,3,3
82,7,2,3,1,2,2,3,1
82,7,3,4,2,2,2,2,1
83,1,1,4,2,1,2,2,3
83,1,2,1,3,1,1,1,1
83,1,3,3,2,1,2,2,1
83,2,1,4,1,2,2,3,2
83,2,2,3,3,1,2,1,2
83,2,3,1,1,2,2,1,1
83,3,1,1,2,2,1,1,3
83,3,2,4,1,1,2,3,3
83,3,3,3,2,2,1,3,1
83,4,1,4,3,1,2,2,3
83,4,2,3,4,1,1,2,2
83,4,3,1,2,2,2,3,3
83,5,1,1,1,2,2,1,1
83,5,2,2,3,1,1,2,3
83,5,3,2,4,1,1,3,2
83,6,1,4,4,2,1,3,2
83,6,2,2,4,2,1,3,1
83,6,3,4,4,2,2,1,2
83,7,1,3,3,2,2,2,2
83,7,2,2,1,1,1,2,1
83,7,3,2,3,1,1,1,3
84,1,1,4,4,1,1,2,1
84,1,2,1,1,1,2,1,1
84,1,3,2,2,2,1,2,2
84,2,1,4,4,2,2,2,1
84,2,2,3,1,1,1,1,3
84,2,3,1,1,2,2,2,1
84,3,1,3,2,2,1,1,3
84,3,2,4,3,1,2,3,2
84,3,3,3,3,2,1,2,2
84,4,1,3,4,1,2,1,1
84,4,2,3,3,1,1,1,2
84,4,3,4,2,1,1,3,1
84,5,1,1,2,1,1,2,3
84,5,2,2,1,1,2,3,2
84,5,3,2,1,2,2,3,3
84,6,1,1,3,1,1,3,3
84,6,2,2,4,2,2,3,3
84,6,3,1,4,2,2,1,2
84,7,1,4,2,2,1,2,3
84,7,2,2,3,2,1,1,2
84,7,3,2,1,1,2,3,1
85,1,1,4,3,1,1,3,1
85,1,2,2,4,2,1,1,3
85,1,3,2,3,2,1,2,2
85,2,1,3,2,2,2,2,3
85,2,2,1,2,1,1,1,1
85,2,3,2,4,2,1,1,1
85,3,1,3,3,2,2,3,2
85,3,2,3,3,2,2,1,2
85,3,3,1,3,2,1,3,3
85,4,1,2,2,2,1,2,2
85,4,2,3,2,1,1,2,3
85,4,3,1,1,1,2,2,2
85,5,1,4,4,1,2,2,1
85,5,2,4,1,2,2,1,3
85,5,3,4,1,1,2,1,2
85,6,1,1,1,1,2,3,1
85,6,2,1,1,1,2,3,2
85,6,3,3,4,1,2,1,3
85,7,1,4,2,1,1,2,1
85,7,2,2,4,1,1,3,3
85,7,3,3,4,2,1,3,1
86,1,1,1,1,1,1,1,1
86,1,2,3,2,1,2,2,1
86,1,3,4,3,2,2,1,3
86,2,1,3,2,2,1,3,1
86,2,2,1,3,2,2,2,2
86,2,3,4,3,1,2,2,2
86,3,1,3,1,1,2,3,3
86,3,2,3,4,2,1,1,3
86,3,3,4,2,2,1,3,2
86,4,1,2,1,1,1,3,2
86,4,2,3,3,1,1,1,3
86,4,3,1,2,1,1,2,3
86,5,1,1,3,2,2,2,1
86,5,2,1,4,2,2,2,1
86,5,3,2,4,1,2,3,1
86,6,1,1,4,2,1,1,2
86,6,2,2,2,2,1,2,3
86,6,3,4,1,1,1,1,2
86,7,1,4,1,2,1,1,1
86,7,2,2,3,2,2,3,2
86,7,3,2,4,1,2,3,3
87,1,1,1,2,1,2,1,1
87,1,2,3,4,1,2,1,2
87,1,3,2,3,1,2,2,1
87,2,1,4,1,1,1,2,3
87,2,2,3,4,2,1,2,2
87,2,3,2,2,2,2,2,2
87,3,1,4,4,2,1,2,3
87,3,2,3,2,2,1,2,1
87,3,3,1,2,1,1,3,2
87,4,1,1,4,2,2,1,1
87,4,2,3,1,1,1,3,3
87,4,3,3,2,2,2,3,2
87,5,1,4,1,2,2,1,2
87,5,2,4,3,1,2,3,3
87,5,3,1,2,2,2,3,1
87,6,1,1,3,1,2,2,3
87,6,2,4,1,2,2,3,3
87,6,3,3,3,1,1,1,2
87,7,1,2,3,2,1,3,1
87,7,2,2,1,1,1,1,1
87,7,3,2,4,1,1,1,3
88,1,1,3,2,2,1,2,3
88,1,2,2,1,2,1,2,2
88,1,3,2,1,2,1,2,1
88,2,1,4,4,1,1,2,3
88,2,2,1,4,1,2,2,1
88,2,3,3,2,2,2,2,1
88,3,1,1,1,2,1,1,2
88,3,2,4,2,1,1,3,1
88,3,3,2,4,2,1,3,1
88,4,1,3,2,1,1,3,2
88,4,2,1,3,1,2,3,3
88,4,3,2,3,1,2,1,2
88,5,1,4,4,1,2,3,3
88,5,2,4,1,2,2,1,2
88,5,3,1,3,1,2,3,3
88,6,1,4,3,1,2,1,2
88,6,2,2,2,2,1,1,1
88,6,3,4,3,2,2,3,3
88,7,1,3,3,1,2,1,1
88,7,2,3,1,2,2,2,3
88,7,3,1,4,2,1,1,2
89,1,1,4,1,1,2,1,1
89,1,2,3,2,2,2,3,1
89,1,3,3,2,1,1,1,1
89,2,1,2,4,2,2,1,2
89,2,2,1,2,1,2,2,1
89,2,3,2,3,2,1,1,2
89,3,1,1,3,1,1,1,3
89,3,2,3,3,2,2,2,2
89,3,3,4,1,1,2,3,2
89,4,1,4,1,2,1,3,1
89,4,2,3,4,2,1,2,3
89,4,3,1,1,2,1,1,1
89,5,1,4,2,1,1,3,3
89,5,2,3,1,1,1,3,2
89,5,3,2,2,1,2,3,2
89,6,1,3,4,2,1,2,3
89,6,2,2,3,1,2,3,3
89,6,3,1,3,2,1,2,3
89,7,1,4,1,2,2,1,3
89,7,2,1,4,1,2,2,2
89,7,3,2,4,2,1,2,1
90,1,1,3,4,2,2,3,1
90,1,2,4,3,2,2,2,2
90,1,3,4,1,1,1,2,2
90,2,1,3,4,1,1,3,1
90,2,2,1,3,1,2,1,1
90,2,3,2,3,1,1,3,3
90,3,1,1,4,2,1,2,1
90,3,2,2,3,1,2,1,1
90,3,3,3,2,1,1,2,3
90,4,1,4,3,2,2,3,1
90,4,2,1,1,2,2,3,1
90,4,3,3,1,1,2,1,3
90,5,1,3,1,2,1,1,2
90,5,2,1,2,2,1,1,2
90,5,3,4,1,2,1,2,2
90,6,1,1,2,1,2,2,3
90,6,2,2,3,1,1,1,3
90,6,3,4,2,2,1,2,3
90,7,1,4,4,1,2,1,2
90,7,2,2,2,2,1,3,3
90,7,3,2,4,2,2,3,2
91,1,1,3,1,1,2,1,1
91,1,2,1,3,2,1,3,2
91,1,3,1,4,2,2,3,3
91,2,1,2,3,1,1,3,1
91,2,2,4,4,2,1,1,2
91,2,3,2,4,2,2,3,3
91,3,1,2,1,1,1,1,3
91,3,2,4,2,1,1,3,2
91,3,3,4,3,2,2,2,3
91,4,1,2,3,1,1,3,3
91,4,2,1,1,1,1,2,2
91,4,3,1,1,1,2,1,1
91,5,1,1,4,2,2,2,1
91,5,2,3,3,2,1,3,2
91,5,3,4,2,2,2,1,1
91,6,1,4,2,1,2,2,1
91,6,2,3,2,2,1,2,2
91,6,3,3,1,2,2,2,2
91,7,1,2,2,2,2,1,1
91,7,2,3,4,1,1,1,3
91,7,3,2,4,1,1,2,3
92,1,1,3,4,2,2,1,1
92,1,2,4,3,2,1,2,2
92,1,3,1,2,1,2,2,3
92,2,1,1,4,1,1,3,1
92,2,2,4,1,2,1,3,3
92,2,3,2,4,1,2,1,2
92,3,1,1,3,2,2,2,1
92,3,2,4,1,1,2,3,3
92,3,3,1,3,2,1,2,3
92,4,1,2,1,2,1,1,1
92,4,2,2,2,2,1,1,3
92,4,3,3,2,2,1,2,2
92,5,1,3,1,2,1,3,2
92,5,2,4,4,2,2,1,3
92,5,3,1,3,1,2,1,1
92,6,1,3,3,1,1,1,2
92,6,2,4,1,2,1,2,2
92,6,3,3,4,1,2,2,2
92,7,1,2,2,1,2,3,1
92,7,2,3,1,1,1,3,1
92,7,3,2,2,1,2,3,3
93,1,1,2,4,1,2,1,1
93,1,2,2,3,2,2,3,1
93,1,3,3,1,2,1,2,3
93,2,1,2,1,1,2,1,2
93,2,2,3,2,1,2,2,2
93,2,3,1,3,2,2,3,2
93,3,1,3,2,1,1,3,3
93,3,2,1,3,2,1,3,2
93,3,3,4,1,1,1,1,3
93,4,1,2,1,1,2,2,3
93,4,2,1,2,2,2,3,3
93,4,3,4,1,2,1,3,2
93,5,1,2,3,2,1,3,1
93,5,2,1,4,2,2,2,3
93,5,3,3,3,1,2,2,3
93,6,1,4,2,2,2,1,1
93,6,2,4,2,1,2,1,2
93,6,3,4,4,1,1,1,2
93,7,1,3,4,2,1,2,1
93,7,2,1,4,1,1,2,1
93,7,3,3,2,2,1,1,1
94,1,1,3,2,1,1,3,1
94,1,2,2,3,1,2,2,1
94,1,3,3,4,2,2,2,1
94,2,1,3,4,1,1,1,2
94,2,2,3,4,1,1,3,2
94,2,3,4,1,2,1,3,3
94,3,1,4,3,2,1,3,3
94,3,2,2,2,1,1,1,3
94,3,3,3,1,2,2,3,3
94,4,1,1,3,2,1,2,1
94,4,2,3,1,2,2,2,3
94,4,3,1,2,1,1,1,3
94,5,1,2,3,1,2,2,2
94,5,2,4,2,2,2,1,1
94,5,3,4,4,2,2,1,2
94,6,1,1,3,1,2,3,2
94,6,2,2,1,2,1,2,1
94,6,3,2,2,2,2,1,3
94,7,1,4,1,1,1,3,1
94,7,2,1,1,1,2,2,2
94,7,3,1,4,1,2,1,2
95,1,1,2,3,2,1,3,3
95,1,2,2,3,1,1,2,1
95,1,3,3,2,2,2,2,1
95,2,1,1,1,1,2,2,1
95,2,2,1,2,1,2,3,2
95,2,3,1,4,1,2,3,2
95,3,1,4,1,1,1,3,2
95,3,2,3,4,2,1,3,1
95,3,3,3,1,1,2,2,3
95,4,1,1,3,2,1,2,3
95,4,2,2,2,2,1,1,2
95,4,3,2,2,1,2,1,3
95,5,1,3,2,1,1,1,1
95,5,2,4,3,1,2,3,2
95,5,3,2,3,2,2,3,3
95,6,1,1,4,2,2,1,3
95,6,2,4,1,1,1,2,1
95,6,3,2,4,2,1,1,3
95,7,1,4,1,2,2,1,2
95,7,2,3,1,2,1,2,2
95,7,3,4,4,1,2,1,1
96,1,1,4,1,1,2,3,1
96,1,2,1,2,1,2,3,2
96,1,3,1,1,1,2,1,1
96,2,1,4,1,1,1,1,1
96,2,2,1,3,1,1,2,2
96,2,3,3,3,2,1,2,1
96,3,1,2,3,1,2,2,3
96,3,2,3,2,1,1,1,2
96,3,3,4,4,2,1,2,1
96,4,1,4,2,1,1,3,2
96,4,2,1,4,2,2,1,3
96,4,3,4,2,2,2,1,2
96,5,1,3,3,1,1,2,3
96,5,2,2,2,2,1,2,1
96,5,3,1,1,2,1,3,3
96,6,1,3,1,1,2,1,1
96,6,2,2,3,2,2,3,3
96,6,3,2,1,1,1,1,2
96,7,1,3,4,2,1,3,3
96,7,2,1,4,2,2,3,3
96,7,3,2,4,2,2,2,2
97,1,1,3,2,2,2,1,2
97,1,2,1,1,2,2,2,2
97,1,3,1,4,2,1,3,3
97,2,1,2,3,2,2,1,1
97,2,2,2,3,2,1,2,1
97,2,3,1,3,1,2,3,1
97,3,1,2,4,1,1,1,2
97,3,2,3,2,1,1,3,3
97,3,3,1,3,1,2,3,3
97,4,1,2,2,1,2,3,2
97,4,2,4,1,2,1,2,1
97,4,3,1,1,1,2,2,1
97,5,1,4,1,2,1,3,3
97,5,2,4,2,2,2,1,2
97,5,3,2,2,1,2,2,2
97,6,1,1,3,2,1,1,3
97,6,2,4,4,1,1,1,3
97,6,3,3,1,1,1,1,2
97,7,1,4,4,1,1,2,3
97,7,2,3,3,2,2,2,1
97,7,3,3,4,1,2,3,1
98,1,1,2,1,2,2,2,1
98,1,2,2,4,2,2,3,3
98,1,3,3,2,2,1,1,2
98,2,1,4,2,2,1,3,3
98,2,2,4,2,2,2,1,1
98,2,3,3,1,2,2,1,1
98,3,1,1,1,1,1,1,2
98,3,2,2,1,2,2,1,3
98,3,3,4,3,1,2,2,1
98,4,1,3,1,1,1,1,3
98,4,2,4,2,1,2,3,3
98,4,3,1,3,2,1,2,2
98,5,1,1,4,1,1,2,3
98,5,2,1,2,1,1,2,2
98,5,3,3,3,1,2,3,1
98,6,1,2,4,2,2,3,2
98,6,2,1,4,1,1,2,2
98,6,3,4,4,2,1,2,1
98,7,1,1,2,1,1,3,2
98,7,2,2,3,1,1,1,1
98,7,3,3,3,2,2,3,3
99,1,1,1,2,1,2,1,1
99,1,2,3,1,2,1,3,1
99,1,3,2,3,2,1,3,3
99,2,1,1,4,1,2,1,1
99,2,2,3,4,2,1,3,2
99,2,3,2,2,1,2,3,1
99,3,1,3,1,2,2,3,3
99,3,2,3,4,1,1,2,2
99,3,3,4,1,2,2,1,3
99,4,1,1,3,2,2,1,2
99,4,2,2,1,1,1,2,2
99,4,3,1,2,1,1,1,3
99,5,1,4,2,1,1,1,3
99,5,2,3,3,1,2,2,2
99,5,3,4,3,1,1,2,3
99,6,1,2,1,2,2,3,3
99,6,2,4,3,2,2,3,1
99,6,3,2,3,2,2,2,1
99,7,1,1,1,1,1,3,2
99,7,2,3,4,2,1,2,1
99,7,3,4,4,2,1,2,2
100,1,1,2,3,2,1,1,3
100,1,2,2,3,1,1,3,1
100,1,3,3,4,2,1,3,2
100,2,1,4,1,1,2,1,2
100,2,2,1,2,1,1,2,1
100,2,3,3,4,2,2,1,1
100,3,1,3,1,2,2,3,2
100,3,2,1,2,2,1,2,1
100,3,3,3,4,2,1,2,2
100,4,1,4,3,1,2,2,2
100,4,2,1,2,2,2,3,2
100,4,3,2,4,2,1,2,3
100,5,1,4,1,1,1,1,3
100,5,2,1,1,2,2,3,3
100,5,3,2,2,2,1,3,3
100,6,1,4,4,1,2,1,3
100,6,2,4,1,1,2,1,2
100,6,3,1,3,1,2,2,1
100,7,1,3,3,2,2,2,3
100,7,2,2,2,1,2,3,1
100,7,3,4,3,1,1,1,1
101,1,1,3,3,2,2,1,1
101,1,2,4,1,2,1,1,1
101,1,3,2,2,2,2,2,1
101,2,1,1,1,2,2,3,3
101,2,2,4,1,1,1,1,1
101,2,3,1,1,1,2,1,2
101,3,1,3,4,2,1,3,2
101,3,2,2,4,2,1,3,2
101,3,3,1,4,1,2,2,3
101,4,1,3,2,1,2,2,3
101,4,2,2,2,1,1,1,3
101,4,3,4,4,1,1,3,2
101,5,1,2,3,2,2,3,1
101,5,2,4,1,2,2,3,2
101,5,3,2,3,2,1,1,3
101,6,1,4,3,2,1,3,3
101,6,2,1,3,1,1,1,2
101,6,3,2,4,1,2,2,1
101,7,1,3,1,2,2,2,1
101,7,2,1,2,1,1,2,2
101,7,3,3,2,1,1,2,3
102,1,1,4,3,2,2,2,1
102,1,2,1,4,2,1,1,3
102,1,3,1,4,2,2,3,1
102,2,1,1,4,2,2,1,2
102,2,2,3,1,1,2,2,2
102,2,3,4,1,2,1,2,3
102,3,1,2,3,1,1,1,2
102,3,2,2,3,1,1,3,3
102,3,3,2,1,1,2,1,1
102,4,1,2,4,1,2,3,2
102,4,2,1,4,2,2,2,2
102,4,3,4,1,1,1,3,1
102,5,1,1,2,1,1,2,1
102,5,2,4,3,2,2,3,2
102,5,3,4,2,2,1,3,1
102,6,1,2,2,1,1,2,3
102,6,2,3,2,2,2,1,3
102,6,3,4,1,1,1,2,1
102,7,1,3,2,2,1,3,3
102,7,2,3,4,1,1,1,3
102,7,3,3,3,2,2,1,2
103,1,1,3,3,1,2,3,2
103,1,2,3,1,1,2,1,2
103,1,3,3,1,1,1,3,1
103,2,1,4,4,2,1,1,3
103,2,2,1,3,1,2,2,3
103,2,3,2,4,1,2,1,1
103,3,1,2,1,2,2,2,3
103,3,2,3,4,1,2,1,1
103,3,3,2,4,2,1,1,3
103,4,1,2,2,2,1,3,2
103,4,2,1,3,1,2,2,3
103,4,3,2,1,1,1,3,2
103,5,1,4,2,2,1,1,2
103,5,2,1,1,1,1,1,1
103,5,3,1,2,2,2,2,3
103,6,1,4,3,2,2,2,1
103,6,2,3,2,2,1,3,1
103,6,3,4,3,2,1,2,2
103,7,1,4,4,2,2,3,1
103,7,2,1,2,2,1,3,2
103,7,3,2,1,1,2,2,3
104,1,1,1,1,1,2,2,2
104,1,2,1,3,2,2,1,2
104,1,3,1,2,1,1,1,3
104,2,1,2,3,1,2,2,3
104,2,2,2,3,2,1,2,3
104,2,3,3,3,1,2,3,2
104,3,1,3,1,2,2,2,3
104,3,2,4,3,1,1,1,1
104,3,3,4,2,2,2,3,1
104,4,1,1,2,2,1,1,1
104,4,2,4,4,2,1,3,2
104,4,3,3,4,1,2,3,2
104,5,1,4,3,2,2,3,2
104,5,2,2,4,2,1,2,3
104,5,3,4,4,2,1,1,2
104,6,1,4,1,1,2,1,3
104,6,2,3,1,2,1,2,1
104,6,3,1,1,1,2,2,1
104,7,1,2,4,2,1,3,1
104,7,2,2,2,1,1,3,3
104,7,3,3,2,1,1,1,1
105,1,1,4,3,2,2,2,2
105,1,2,1,1,1,2,3,3
105,1,3,1,2,2,1,2,3
105,2,1,2,4,1,1,3,3
105,2,2,3,3,2,1,1,1
105,2,3,4,3,1,2,3,1
105,3,1,3,4,2,2,2,2
105,3,2,2,2,2,2,1,2
105,3,3,1,1,2,2,3,1
105,4,1,3,1,1,1,2,2
105,4,2,3,3,2,1,3,2
105,4,3,4,2,2,1,1,1
105,5,1,1,4,2,2,1,3
105,5,2,4,2,1,1,2,3
105,5,3,2,1,1,2,1,3
105,6,1,1,4,1,1,3,1
105,6,2,4,1,1,1,2,3
105,6,3,2,4,1,1,3,1
105,7,1,3,2,1,2,2,2
105,7,2,4,4,1,2,1,1
105,7,3,2,3,2,2,1,2
106,1,1,4,2,1,2,1,3
106,1,2,3,3,2,2,3,1
106,1,3,3,2,1,2,2,3
106,2,1,1,3,1,2,2,1
106,2,2,2,4,2,1,3,3
106,2,3,3,4,1,1,1,1
106,3,1,2,1,2,2,1,2
106,3,2,2,4,1,2,3,1
106,3,3,3,2,1,2,3,2
106,4,1,4,2,2,1,1,2
106,4,2,2,1,2,1,1,3
106,4,3,1,1,2,1,2,2
106,5,1,2,3,1,1,3,3
106,5,2,2,1,1,1,3,3
106,5,3,4,2,2,1,2,2
106,6,1,1,4,2,2,2,1
106,6,2,1,1,2,1,2,1
106,6,3,4,4,1,2,2,1
106,7,1,1,4,1,2,1,3
106,7,2,4,3,2,2,3,2
106,7,3,3,3,2,1,1,2
107,1,1,2,2,2,2,3,3
107,1,2,2,4,2,1,2,3
107,1,3,3,1,1,1,3,1
107,2,1,1,3,2,2,1,1
107,2,2,3,1,1,2,3,2
107,2,3,4,4,1,2,3,2
107,3,1,2,3,2,2,3,2
107,3,2,3,1,2,2,2,1
107,3,3,4,4,1,1,1,3
107,4,1,3,2,1,2,2,3
107,4,2,2,3,1,1,1,1
107,4,3,4,2,1,2,1,3
107,5,1,2,3,2,1,3,1
107,5,2,1,1,1,1,2,2
107,5,3,1,1,2,1,2,2
107,6,1,3,4,2,2,1,2
107,6,2,1,3,1,1,2,3
107,6,3,4,2,2,1,3,1
107,7,1,1,4,2,1,1,1
107,7,2,2,4,1,2,1,2
107,7,3,4,2,1,2,2,3
108,1,1,4,3,1,2,2,1
108,1,2,4,1,1,1,2,1
108,1,3,2,1,2,2,2,3
108,2,1,3,2,1,1,1,2
108,2,2,3,2,2,1,1,1
108,2,3,1,3,1,2,3,3
108,3,1,2,2,1,1,2,2
108,3,2,4,3,2,1,1,2
108,3,3,4,1,1,2,2,2
108,4,1,4,4,1,1,1,3
108,4,2,3,3,1,1,2,1
108,4,3,4,4,2,2,3,3
108,5,1,2,2,2,2,1,3
108,5,2,1,4,2,2,3,3
108,5,3,1,1,1,1,1,2
108,6,1,3,1,2,2,3,1
108,6,2,1,4,1,1,1,1
108,6,3,3,2,1,1,3,2
108,7,1,2,3,2,2,3,3
108,7,2,1,4,2,2,2,2
108,7,3,2,2,2,1,3,1
109,1,1,2,4,1,1,1,2
109,1,2,4,1,1,2,1,3
109,1,3,1,1,2,1,2,3
109,2,1,1,1,1,2,2,3
109,2,2,4,3,2,2,1,1
109,2,3,1,2,2,2,2,3
109,3,1,4,2,1,1,3,3
109,3,2,2,1,2,2,2,1
109,3,3,3,2,1,1,2,2
109,4,1,2,4,2,2,3,2
109,4,2,1,1,1,1,3,3
109,4,3,2,3,1,1,1,2
109,5,1,3,2,2,2,1,1
109,5,2,2,4,1,1,1,2
109,5,3,4,4,1,2,2,3
109,6,1,3,1,2,2,3,2
109,6,2,4,3,2,1,3,1
109,6,3,3,2,2,1,3,2
109,7,1,1,4,1,2,1,1
109,7,2,3,3,2,1,3,1
109,7,3,3,3,1,2,2,1
110,1,1,1,3,1,1,1,3
110,1,2,2,2,2,2,1,2
110,1,3,4,1,1,2,2,2
110,2,1,1,4,1,1,3,2
110,2,2,2,4,2,2,2,3
110,2,3,2,4,1,1,2,1
110,3,1,1,1,2,2,2,3
110,3,2,4,4,1,1,3,3
110,3,3,1,3,1,2,1,2
110,4,1,3,1,2,1,3,2
110,4,2,2,1,2,2,3,3
110,4,3,4,2,2,1,2,1
110,5,1,2,4,2,2,1,1
110,5,2,2,3,1,1,1,2
110,5,3,3,4,1,2,1,1
110,6,1,4,2,2,2,1,2
110,6,2,3,2,2,1,2,1
110,6,3,1,3,1,2,3,1
110,7,1,3,3,1,1,3,3
110,7,2,4,1,1,1,3,3
110,7,3,3,2,2,2,2,1
111,1,1,1,3,1,2,3,1
111,1,2,4,3,2,1,1,3
111,1,3,1,4,2,2,1,1
111,2,1,4,2,2,2,1,2
111,2,2,3,2,1,1,3,2
111,2,3,2,2,1,2,3,1
111,3,1,2,4,1,1,1,3
111,3,2,3,2,2,1,2,2
111,3,3,4,3,1,1,2,2
111,4,1,3,4,1,2,3,3
111,4,2,1,3,2,1,1,1
111,4,3,4,1,1,2,2,3
111,5,1,1,1,1,2,2,1
111,5,2,2,1,2,1,2,2
111,5,3,4,2,2,2,2,1
111,6,1,2,4,2,1,1,3
111,6,2,1,2,1,2,3,2
111,6,3,3,4,1,2,2,1
111,7,1,1,3,2,2,1,2
111,7,2,2,1,2,1,3,3
111,7,3,3,1,1,1,3,3
112,1,1,3,2,1,2,1,2
112,1,2,2,4,1,2,2,3
112,1,3,1,3,1,1,2,2
112,2,1,1,4,2,1,1,2
112,2,2,3,3,2,2,2,2
112,2,3,3,1,2,1,3,1
112,3,1,4,2,1,2,2,3
112,3,2,1,1,1,1,1,3
112,3,3,2,1,1,2,1,3
112,4,1,4,4,2,1,3,3
112,4,2,2,3,1,2,2,2
112,4,3,2,3,2,2,3,1
112,5,1,3,1,2,2,3,1
112,5,2,2,4,2,1,1,1
112,5,3,4,2,1,1,3,3
112,6,1,4,2,1,1,1,1
112,6,2,4,4,1,2,3,2
112,6,3,1,1,2,1,2,3
112,7,1,4,4,2,2,3,1
112,7,2,3,3,2,1,2,1
112,7,3,1,2,1,2,1,2
113,1,1,4,4,1,1,2,3
113,1,2,2,1,2,1,1,2
113,1,3,2,2,2,1,2,3
113,2,1,1,4,2,1,2,1
113,2,2,4,3,1,2,1,1
113,2,3,1,4,1,2,3,1
113,3,1,2,1,1,1,3,2
113,3,2,4,3,1,2,3,1
113,3,3,3,2,2,2,3,2
113,4,1,1,3,1,2,2,2
113,4,2,3,4,2,1,1,2
113,4,3,4,2,2,2,3,3
113,5,1,1,4,1,2,1,1
113,5,2,3,4,2,2,2,3
113,5,3,2,2,1,2,3,1
113,6,1,3,1,2,2,2,1
113,6,2,2,1,2,1,1,2
113,6,3,4,3,2,1,1,3
113,7,1,2,1,2,1,2,2
113,7,2,1,2,1,2,1,3
113,7,3,3,3,1,1,3,3
114,1,1,4,1,2,2,1,1
114,1,2,1,4,2,1,3,2
114,1,3,3,3,2,2,3,3
114,2,1,2,3,1,2,1,3
114,2,2,3,4,2,2,1,3
114,2,3,2,1,2,1,1,1
114,3,1,4,2,1,2,2,2
114,3,2,2,4,1,2,3,1
114,3,3,1,4,1,2,3,1
114,4,1,3,2,1,2,1,1
114,4,2,4,4,1,1,2,2
114,4,3,2,2,1,1,1,3
114,5,1,3,1,1,1,2,2
114,5,2,4,3,1,1,2,2
114,5,3,1,4,2,2,2,3
114,6,1,4,2,2,2,3,1
114,6,2,1,1,2,1,3,3
114,6,3,2,3,1,1,1,1
114,7,1,2,3,1,1,2,2
114,7,2,1,2,2,2,2,3
114,7,3,3,1,2,1,3,2
115,1,1,3,2,2,2,3,2
115,1,2,2,3,1,1,2,1
115,1,3,3,2,2,2,3,3
115,2,1,1,3,2,1,3,3
115,2,2,4,1,1,1,2,1
115,2,3,1,4,2,2,3,2
115,3,1,1,4,1,1,1,1
115,3,2,2,1,2,2,1,2
115,3,3,2,4,1,2,1,1
115,4,1,1,2,2,2,2,2
115,4,2,4,3,2,1,2,2
115,4,3,3,4,1,2,3,1
115,5,1,1,2,1,1,1,3
115,5,2,3,3,2,1,1,1
115,5,3,2,4,1,2,2,3
115,6,1,4,3,1,1,1,2
115,6,2,3,1,2,1,2,3
115,6,3,2,2,1,1,3,3
115,7,1,2,1,1,2,2,3
115,7,2,4,1,1,2,3,2
115,7,3,4,4,2,2,1,1
116,1,1,2,3,1,1,1,3
116,1,2,4,2,2,2,2,3
116,1,3,3,4,1,2,2,3
116,2,1,3,1,2,2,1,2
116,2,2,1,2,2,2,3,1
116,2,3,2,1,1,1,1,2
116,3,1,1,2,2,1,2,3
116,3,2,2,3,2,1,2,2
116,3,3,2,2,2,2,1,1
116,4,1,1,4,2,1,3,2
116,4,2,2,1,1,1,3,2
116,4,3,3,4,2,2,2,3
116,5,1,3,3,1,2,3,1
116,5,2,3,3,2,1,2,1
116,5,3,4,2,1,2,1,3
116,6,1,4,4,1,2,3,2
116,6,2,4,3,2,1,1,3
116,6,3,1,1,2,1,3,1
116,7,1,1,1,1,1,1,1
116,7,2,4,4,1,2,3,1
116,7,3,2,1,1,1,2,2
117,1,1,4,4,2,1,3,2
117,1,2,3,2,2,2,2,1
117,1,3,1,3,1,1,1,1
117,2,1,3,1,1,2,2,2
117,2,2,3,2,2,1,2,3
117,2,3,2,1,2,2,3,1
117,3,1,1,3,1,1,3,3
117,3,2,3,4,1,2,1,2
117,3,3,4,3,2,1,1,1
117,4,1,2,2,2,2,3,3
117,4,2,3,1,1,2,2,2
117,4,3,4,2,2,2,1,2
117,5,1,1,4,1,2,1,2
117,5,2,2,2,2,1,2,3
117,5,3,4,1,1,1,1,1
117,6,1,3,1,2,1,2,2
117,6,2,1,3,2,1,1,3
117,6,3,4,3,1,2,3,1
117,7,1,1,4,1,1,3,3
117,7,2,2,4,2,1,3,3
117,7,3,2,1,1,2,2,1
118,1,1,2,1,2,2,1,3
118,1,2,4,4,1,1,2,1
118,1,3,3,2,2,1,3,2
118,2,1,3,3,1,1,3,1
118,2,2,2,3,1,1,1,1
118,2,3,1,4,2,1,3,3
118,3,1,2,3,2,2,2,3
118,3,2,4,2,1,1,1,1
118,3,3,2,1,1,2,2,1
118,4,1,3,2,1,2,1,2
118,4,2,4,3,1,2,3,1
118,4,3,1,1,2,1,1,3
118,5,1,2,1,2,1,2,2
118,5,2,1,2,2,2,2,2
118,5,3,4,2,1,2,2,3
118,6,1,1,1,2,1,3,2
118,6,2,1,4,2,2,1,2
118,6,3,4,3,2,1,3,3
118,7,1,3,4,1,2,3,1
118,7,2,3,4,2,2,1,3
118,7,3,1,3,1,2,2,2
119,1,1,3,4,1,1,1,2
119,1,2,4,1,1,1,3,2
119,1,3,1,3,1,2,2,2
119,2,1,3,2,1,1,1,2
119,2,2,2,3,1,2,1,3
119,2,3,3,3,1,2,2,1
119,3,1,1,1,2,1,1,3
119,3,2,3,2,2,2,2,2
119,3,3,1,2,2,1,1,1
119,4,1,3,4,2,1,1,3
119,4,2,2,4,2,1,2,2
119,4,3,4,4,2,2,3,1
119,5,1,2,1,2,2,2,3
119,5,2,2,4,2,2,2,1
119,5,3,4,2,1,2,2,2
119,6,1,3,2,1,1,3,3
119,6,2,2,1,2,1,1,1
119,6,3,1,1,2,1,3,1
119,7,1,1,1,1,1,3,3
119,7,2,4,3,1,2,3,3
119,7,3,4,3,2,2,3,1
120,1,1,4,4,1,1,3,2
120,1,2,4,4,2,2,1,2
120,1,3,2,2,1,2,2,3
120,2,1,4,3,2,2,3,1
120,2,2,1,2,2,2,2,3
120,2,3,2,1,2,2,3,3
120,3,1,2,1,2,1,3,1
120,3,2,3,1,2,2,1,2
120,3,3,3,3,1,2,2,2
120,4,1,1,4,2,1,2,2
120,4,2,1,1,1,2,3,3
120,4,3,3,3,1,1,1,1
120,5,1,3,4,1,1,1,1
120,5,2,4,4,2,2,2,2
120,5,3,3,3,1,1,2,2
120,6,1,3,2,1,1,1,1
120,6,2,1,2,1,2,3,3
120,6,3,1,1,2,1,1,3
120,7,1,2,2,1,1,1,1
120,7,2,2,1,1,1,2,3
120,7,3,4,3,2,2,3,1
121,1,1,2,2,1,2,2,1
121,1,2,1,1,1,1,2,3
121,1,3,1,2,2,1,3,1
121,2,1,2,1,2,1,3,1
121,2,2,2,4,1,2,3,2
121,2,3,4,4,2,1,3,2
121,3,1,4,2,1,2,2,3
121,3,2,1,4,1,2,1,1
121,3,3,4,4,1,2,1,2
121,4,1,3,1,1,1,1,2
121,4,2,2,4,1,1,1,2
121,4,3,1,3,2,1,1,2
121,5,1,3,3,2,1,2,1
121,5,2,1,3,1,1,3,1
121,5,3,3,4,2,2,3,2
121,6,1,2,3,2,2,2,3
121,6,2,4,1,2,2,1,3
121,6,3,4,2,1,2,3,1
121,7,1,3,2,2,2,2,3
121,7,2,3,3,2,2,1,3
121,7,3,2,1,1,1,2,3
122,1,1,4,1,1,1,1,3
122,1,2,1,3,1,2,1,3
122,1,3,2,2,1,1,3,2
122,2,1,1,2,2,1,1,3
122,2,2,3,4,1,2,3,3
122,2,3,4,4,2,1,3,1
122,3,1,4,2,2,2,3,2
122,3,2,2,3,2,2,1,2
122,3,3,4,1,1,2,2,1
122,4,1,1,4,1,1,1,3
122,4,2,2,1,2,1,2,1
122,4,3,4,3,1,2,1,2
122,5,1,2,2,2,1,3,2
122,5,2,3,3,1,2,3,2
122,5,3,1,4,2,2,2,1
122,6,1,3,4,2,2,2,2
122,6,2,3,1,1,2,3,1
122,6,3,1,2,2,1,2,3
122,7,1,3,1,1,1,2,1
122,7,2,1,2,2,2,2,1
122,7,3,2,3,2,1,1,3
123,1,1,4,1,2,2,3,1
123,1,2,4,2,1,1,3,2
123,1,3,2,4,1,2,2,1
123,2,1,2,2,1,2,1,3
123,2,2,1,1,1,1,2,1
123,2,3,3,3,1,2,3,3
123,3,1,2,2,2,1,2,2
123,3,2,3,1,2,1,1,3
123,3,3,1,3,1,1,2,3
123,4,1,3,4,1,1,2,1
123,4,2,1,3,1,1,1,2
123,4,3,4,1,2,2,1,2
123,5,1,4,3,2,1,2,1
123,5,2,3,1,2,2,1,3
123,5,3,3,3,1,1,3,1
123,6,1,1,4,1,1,1,2
123,6,2,2,4,2,2,2,2
123,6,3,1,2,2,2,3,3
123,7,1,4,4,2,2,1,3
123,7,2,2,3,1,2,3,2
123,7,3,1,2,2,1,3,1
124,1,1,2,4,2,1,2,1
124,1,2,3,4,2,1,1,2
124,1,3,1,3,1,2,2,3
124,2,1,1,4,2,1,2,2
124,2,2,4,4,1,2,3,1
124,2,3,2,1,2,1,1,1
124,3,1,4,2,2,1,1,2
124,3,2,4,3,2,1,2,3
124,3,3,3,2,2,2,2,2
124,4,1,2,3,2,2,1,3
124,4,2,3,2,1,1,3,1
124,4,3,3,1,1,2,3,2
124,5,1,1,2,1,2,3,1
124,5,2,4,3,1,1,1,3
124,5,3,1,1,2,2,3,3
124,6,1,2,1,1,2,3,3
124,6,2,4,2,2,2,2,1
124,6,3,1,3,1,1,1,1
124,7,1,2,4,2,1,3,3
124,7,2,3,4,1,2,2,2
124,7,3,4,1,1,1,1,2
125,1,1,1,4,1,2,1,2
125,1,2,2,1,1,2,2,3
125,1,3,4,1,2,2,2,1
125,2,1,3,4,1,2,2,3
125,2,2,1,3,1,2,1,2
125,2,3,2,3,1,1,3,1
125,3,1,4,3,2,1,3,1
125,3,2,1,2,2,1,2,3
125,3,3,1,4,1,1,2,3
125,4,1,2,1,2,1,3,2
125,4,2,4,3,2,1,3,2
125,4,3,4,2,2,1,1,1
125,5,1,2,3,2,2,2,3
125,5,2,3,4,1,1,1,1
125,5,3,1,4,1,2,1,2
125,6,1,1,2,2,2,3,1
125,6,2,3,1,1,2,2,3
125,6,3,3,1,2,1,1,2
125,7,1,2,2,2,2,3,3
125,7,2,4,2,1,1,3,1
125,7,3,3,2,1,2,1,2
126,1,1,3,3,1,1,3,1
126,1,2,3,1,2,2,1,1
126,1,3,4,1,2,2,3,3
126,2,1,2,1,2,2,2,2
126,2,2,1,2,2,2,2,2
126,2,3,4,4,1,2,2,1
126,3,1,4,2,1,1,2,1
126,3,2,2,4,2,1,1,2
126,3,3,4,4,1,2,3,2
126,4,1,4,4,1,2,3,1
126,4,2,4,3,2,2,2,1
126,4,3,2,1,2,2,3,2
126,5,1,1,2,2,1,1,3
126,5,2,3,3,1,1,1,3
126,5,3,3,4,1,1,3,1
126,6,1,2,2,2,1,2,3
126,6,2,1,4,2,2,3,3
126,6,3,1,1,1,1,2,2
126,7,1,2,3,2,2,1,3
126,7,2,1,2,1,1,1,2
126,7,3,3,3,1,1,1,3
127,1,1,4,4,1,1,2,1
127,1,2,2,2,1,2,1,2
127,1,3,3,1,1,1,1,2
127,2,1,2,3,2,1,3,2
127,2,2,4,2,2,2,2,1
127,2,3,1,1,2,2,3,2
127,3,1,3,1,1,1,3,3
127,3,2,3,2,2,1,3,3
127,3,3,4,4,1,1,1,2
127,4,1,4,4,1,2,1,2
127,4,2,1,1,1,1,1,3
127,4,3,2,3,1,2,1,2
127,5,1,1,4,2,2,1,3
127,5,2,1,3,2,2,2,3
127,5,3,4,1,2,1,3,1
127,6,1,4,3,1,2,2,1
127,6,2,3,4,2,1,2,3
127,6,3,2,2,2,2,2,1
127,7,1,1,2,1,1,2,3
127,7,2,3,4,2,1,3,1
127,7,3,2,3,2,2,3,1
128,1,1,4,3,2,2,1,1
128,1,2,3,2,2,2,2,3
128,1,3,1,2,1,2,1,2
128,2,1,2,1,1,2,2,2
128,2,2,3,3,2,2,2,1
128,2,3,2,2,2,2,3,1
128,3,1,1,4,1,2,1,3
128,3,2,2,4,1,1,3,1
128,3,3,2,1,1,2,3,2
128,4,1,3,3,2,2,2,2
128,4,2,4,3,1,2,2,3
128,4,3,1,4,1,1,3,2
128,5,1,4,4,2,1,1,1
128,5,2,1,2,2,1,3,1
128,5,3,1,4,2,1,2,3
128,6,1,3,3,1,1,1,2
128,6,2,2,1,2,1,3,3
128,6,3,3,2,2,1,2,3
128,7,1,4,1,1,2,3,1
128,7,2,4,1,1,1,1,3
128,7,3,2,1,2,1,1,2
129,1,1,3,4,2,1,2,2
129,1,2,4,4,1,2,3,1
129,1,3,4,2,1,2,3,2
129,2,1,2,4,1,2,1,2
129,2,2,2,1,2,1,1,3
129,2,3,2,3,2,1,2,3
129,3,1,2,3,1,1,2,2
129,3,2,4,2,1,2,2,3
129,3,3,3,3,1,1,3,2
129,4,1,1,2,2,2,3,3
129,4,2,4,1,1,1,1,1
129,4,3,1,3,2,1,1,3
129,5,1,3,3,1,2,3,2
129,5,2,1,1,1,1,2,2
129,5,3,1,1,2,2,1,3
129,6,1,2,2,2,1,3,3
129,6,2,3,4,2,2,3,1
129,6,3,3,4,2,1,2,1
129,7,1,3,3,2,1,2,1
129,7,2,4,2,1,2,1,1
129,7,3,1,1,2,2,1,1
130,1,1,1,4,2,2,1,2
130,1,2,3,2,2,2,1,3
130,1,3,4,4,2,2,1,1
130,2,1,1,2,1,2,1,3
130,2,2,2,1,1,1,2,2
130,2,3,1,2,1,1,3,3
130,3,1,3,3,2,2,3,2
130,3,2,2,3,1,1,1,1
130,3,3,4,3,2,2,2,2
130,4,1,2,3,1,1,3,1
130,4,2,4,3,2,1,2,1
130,4,3,2,4,1,1,1,3
130,5,1,4,2,1,2,2,1
130,5,2,3,1,1,1,3,1
130,5,3,1,4,1,1,2,3
130,6,1,1,1,2,1,3,3
130,6,2,3,1,1,2,1,3
130,6,3,2,2,2,1,2,2
130,7,1,3,1,1,1,3,2
130,7,2,4,4,2,2,3,2
130,7,3,2,1,2,2,2,1
131,1,1,1,2,1,1,1,3
131,1,2,2,1,2,1,2,3
131,1,3,1,4,2,1,1,3
131,2,1,3,4,1,1,2,2
131,2,2,3,1,1,2,2,2
131,2,3,1,4,2,1,2,1
131,3,1,3,4,2,2,3,1
131,3,2,2,2,1,2,3,3
131,3,3,4,3,2,2,2,1
131,4,1,1,1,2,2,1,2
131,4,2,4,1,1,2,3,3
131,4,3,1,2,2,1,1,1
131,5,1,2,2,2,1,1,3
131,5,2,4,3,1,1,2,2
131,5,3,3,1,1,1,2,1
131,6,1,2,3,1,2,1,1
131,6,2,4,4,2,2,3,2
131,6,3,3,3,1,2,1,2
131,7,1,4,2,2,1,3,1
131,7,2,2,3,2,2,3,3
131,7,3,4,3,1,1,3,2
132,1,1,1,1,2,1,3,2
132,1,2,1,3,2,2,3,3
132,1,3,3,4,1,2,3,1
132,2,1,2,3,1,1,1,3
132,2,2,1,2,1,1,3,1
132,2,3,4,1,1,1,2,2
132,3,1,3,1,2,1,3,1
132,3,2,4,2,2,1,3,2
132,3,3,4,2,2,2,2,3
132,4,1,1,3,2,2,2,3
132,4,2,2,4,1,2,2,1
132,4,3,3,3,2,2,1,2
132,5,1,4,4,2,1,2,2
132,5,2,2,2,2,2,2,2
132,5,3,1,4,1,2,3,2
132,6,1,2,1,1,1,1,1
132,6,2,2,2,1,1,1,3
132,6,3,3,2,2,2,1,3
132,7,1,3,4,1,1,2,1
132,7,2,4,3,1,1,1,3
132,7,3,1,1,1,2,1,1
133,1,1,1,1,1,2,3,2
133,1,2,4,4,2,1,2,1
133,1,3,1,2,2,2,1,2
133,2,1,1,1,2,1,1,3
133,2,2,3,2,2,1,1,2
133,2,3,4,3,1,1,3,2
133,3,1,2,1,2,2,1,3
133,3,2,2,1,2,1,1,2
133,3,3,2,2,1,1,3,1
133,4,1,1,2,1,2,2,2
133,4,2,3,4,2,2,3,1
133,4,3,4,4,1,2,1,3
133,5,1,4,3,1,1,3,3
133,5,2,4,4,1,1,2,2
133,5,3,1,2,1,1,2,1
133,6,1,3,1,2,1,2,1
133,6,2,3,3,2,2,2,1
133,6,3,4,3,1,2,3,3
133,7,1,2,4,1,2,1,1
133,7,2,3,3,2,2,2,3
133,7,3,2,3,1,2,3,3
134,1,1,2,3,1,2,1,2
134,1,2,3,3,1,2,2,2
134,1,3,3,4,1,1,2,3
134,2,1,3,1,2,2,3,3
134,2,2,1,1,1,1,3,1
134,2,3,1,2,2,1,2,1
134,3,1,2,1,2,2,3,2
134,3,2,4,3,1,2,1,3
134,3,3,3,3,2,1,1,3
134,4,1,4,4,1,2,3,2
134,4,2,1,4,2,1,3,3
134,4,3,2,1,1,2,2,2
134,5,1,1,2,2,1,1,3
134,5,2,4,4,1,1,2,1
134,5,3,4,2,2,2,2,2
134,6,1,3,1,1,2,1,2
134,6,2,2,3,2,2,1,1
134,6,3,4,4,1,2,3,1
134,7,1,2,2,2,1,3,1
134,7,2,1,2,2,1,2,3
134,7,3,3,2,2,1,1,1
135,1,1,2,3,2,1,2,3
135,1,2,4,1,2,1,1,3
135,1,3,2,4,2,2,2,2
135,2,1,2,2,2,1,3,2
135,2,2,3,4,1,2,3,2
135,2,3,3,1,2,1,3,3
135,3,1,1,3,2,2,2,1
135,3,2,4,2,2,2,2,1
135,3,3,3,4,2,2,3,1
135,4,1,4,4,1,2,3,3
135,4,2,2,2,2,1,2,1
135,4,3,2,2,2,2,3,3
135,5,1,3,3,1,2,1,2
135,5,2,1,3,1,1,1,3
135,5,3,1,4,1,1,1,2
135,6,1,4,1,1,1,1,1
135,6,2,3,1,1,2,2,2
135,6,3,1,1,1,1,1,2
135,7,1,1,2,1,2,3,3
135,7,2,3,2,1,1,1,1
135,7,3,4,3,1,1,2,1
136,1,1,3,1,2,1,3,1
136,1,2,2,4,2,1,1,1
136,1,3,1,1,1,2,3,3
136,2,1,1,2,1,2,3,3
136,2,2,4,3,1,1,3,3
136,2,3,3,3,2,2,1,1
136,3,1,1,1,2,2,1,1
136,3,2,4,3,2,1,1,2
136,3,3,3,4,1,1,2,1
136,4,1,2,2,1,2,2,3
136,4,2,1,1,2,1,1,2
136,4,3,4,3,1,2,2,3
136,5,1,2,3,2,2,3,2
136,5,2,3,3,1,1,2,2
136,5,3,4,2,1,1,3,2
136,6,1,1,2,2,1,3,2
136,6,2,2,4,1,2,1,1
136,6,3,1,4,1,2,2,3
136,7,1,3,2,2,1,2,2
136,7,2,2,4,2,2,2,1
136,7,3,4,1,2,1,1,3
137,1,1,2,4,2,1,3,1
137,1,2,3,2,1,1,3,2
137,1,3,2,4,2,2,1,2
137,2,1,4,2,2,1,1,3
137,2,2,4,3,1,1,1,2
137,2,3,2,1,1,2,3,1
137,3,1,3,4,2,1,3,2
137,3,2,3,3,2,1,2,3
137,3,3,3,4,2,2,2,3
137,4,1,4,2,1,1,2,3
137,4,2,1,2,1,2,2,2
137,4,3,3,4,2,1,3,3
137,5,1,4,3,1,1,2,2
137,5,2,1,1,1,2,1,1
137,5,3,1,3,2,2,3,1
137,6,1,2,1,2,2,1,1
137,6,2,4,1,1,2,1,1
137,6,3,1,3,1,1,2,3
137,7,1,2,1,1,2,2,1
137,7,2,4,2,2,2,1,3
137,7,3,1,3,1,1,3,2
138,1,1,3,2,1,2,3,3
138,1,2,4,3,2,1,2,3
138,1,3,1,1,2,2,1,2
138,2,1,3,1,2,1,3,1
138,2,2,4,4,1,1,2,3
138,2,3,1,4,2,2,3,3
138,3,1,1,3,1,2,1,3
138,3,2,4,2,1,2,3,3
138,3,3,2,3,2,2,2,2
138,4,1,2,2,1,2,2,2
138,4,2,2,2,1,1,3,1
138,4,3,3,2,2,2,1,2
138,5,1,1,4,2,1,2,3
138,5,2,3,1,1,1,1,1
138,5,3,1,3,1,2,2,1
138,6,1,3,4,2,1,1,2
138,6,2,4,1,1,2,2,1
138,6,3,2,3,1,1,1,1
138,7,1,1,4,2,1,3,2
138,7,2,4,1,2,2,3,1
138,7,3,2,3,1,1,1,2
139,1,1,3,2,1,1,3,3
139,1,2,3,2,1,1,1,2
139,1,3,4,3,2,1,2,2
139,2,1,1,4,2,2,3,3
139,2,2,4,3,2,1,1,1
139,2,3,3,1,1,2,3,1
139,3,1,1,4,1,2,2,2
139,3,2,1,2,1,2,2,1
139,3,3,3,3,1,1,2,2
139,4,1,4,4,1,1,1,2
139,4,2,2,3,2,1,1,1
139,4,3,4,2,1,2,2,1
139,5,1,2,1,2,1,3,3
139,5,2,2,2,1,1,2,2
139,5,3,4,2,2,2,2,2
139,6,1,1,1,2,2,3,3
139,6,2,1,4,2,1,3,3
139,6,3,2,1,1,1,1,1
139,7,1,3,4,1,2,1,3
139,7,2,2,1,2,2,3,1
139,7,3,2,3,2,2,1,3
140,1,1,3,1,2,2,1,3
140,1,2,1,3,1,1,1,3
140,1,3,3,3,1,1,2,1
140,2,1,2,4,1,1,1,1
140,2,2,2,4,2,1,2,2
140,2,3,4,2,2,2,1,3
140,3,1,1,3,1,1,2,2
140,3,2,3,3,2,2,3,3
140,3,3,3,1,2,2,1,1
140,4,1,1,2,1,2,2,1
140,4,2,2,4,1,2,3,3
140,4,3,2,4,1,1,3,1
140,5,1,3,2,2,2,1,2
140,5,2,1,4,2,2,3,2
140,5,3,1,1,2,1,2,2
140,6,1,4,2,1,1,3,2
140,6,2,1,2,2,1,2,1
140,6,3,4,1,1,2,1,3
140,7,1,4,1,1,2,2,1
140,7,2,4,3,1,2,3,3
140,7,3,2,3,2,1,3,2
141,1,1,4,4,1,1,3,3
141,1,2,3,2,1,2,3,1
141,1,3,2,1,2,1,3,1
141,2,1,3,3,2,1,2,3
141,2,2,4,3,1,1,3,1
141,2,3,1,2,1,2,3,1
141,3,1,2,4,1,1,1,3
141,3,2,4,1,2,1,1,2
141,3,3,2,3,2,2,2,3
141,4,1,4,1,1,2,1,3
141,4,2,1,1,2,1,2,2
141,4,3,1,4,1,1,3,2
141,5,1,2,3,1,2,1,1
141,5,2,3,2,1,2,3,2
141,5,3,3,2,1,2,2,3
141,6,1,3,1,2,1,2,2
141,6,2,4,3,2,2,2,3
141,6,3,1,2,2,1,2,2
141,7,1,2,4,2,2,1,1
141,7,2,4,4,1,1,1,1
141,7,3,1,4,2,2,1,2
142,1,1,3,4,1,2,2,1
142,1,2,1,2,2,1,3,2
142,1,3,2,2,1,2,1,3
142,2,1,3,3,2,1,3,2
142,2,2,2,3,2,2,2,1
142,2,3,4,1,1,1,1,3
142,3,1,2,4,2,1,1,3
142,3,2,4,1,2,2,2,1
142,3,3,1,4,2,1,3,1
142,4,1,4,1,1,1,3,3
142,4,2,4,3,1,1,1,1
142,4,3,1,2,1,2,3,1
142,5,1,1,1,2,2,1,2
142,5,2,2,2,2,2,1,2
142,5,3,3,4,2,1,3,3
142,6,1,1,1,2,2,3,1
142,6,2,3,4,2,1,1,2
142,6,3,1,2,1,2,2,3
142,7,1,2,3,1,2,2,2
142,7,2,3,2,1,1,2,2
142,7,3,4,3,1,1,2,3
143,1,1,3,4,1,1,3,3
143,1,2,4,2,2,2,3,2
143,1,3,3,3,2,1,3,1
143,2,1,1,2,1,1,3,3
143,2,2,1,1,2,1,1,1
143,2,3,2,1,1,2,2,1
143,3,1,3,3,2,1,2,3
143,3,2,1,1,1,1,2,1
143,3,3,4,2,1,1,1,1
143,4,1,2,3,1,2,1,3
143,4,2,3,2,2,2,1,2
143,4,3,2,2,1,1,1,2
143,5,1,4,4,1,1,1,2
143,5,2,3,4,1,2,2,3
143,5,3,2,3,2,2,2,2
143,6,1,1,1,2,2,3,2
143,6,2,4,1,2,2,3,1
143,6,3,2,3,2,2,2,1
143,7,1,2,4,1,2,3,3
143,7,2,4,4,2,1,2,3
143,7,3,1,1,1,2,1,2
144,1,1,1,3,2,2,2,1
144,1,2,3,4,1,1,3,2
144,1,3,2,1,1,1,1,2
144,2,1,1,2,1,2,3,2
144,2,2,2,3,1,2,1,3
144,2,3,4,1,1,1,3,2
144,3,1,3,4,1,2,1,1
144,3,2,4,4,2,2,2,3
144,3,3,3,2,1,2,2,1
144,4,1,4,2,2,1,3,3
144,4,2,2,3,2,1,1,2
144,4,3,2,2,2,2,2,1
144,5,1,3,3,1,2,1,1
144,5,2,3,4,2,1,1,3
144,5,3,1,1,1,2,3,1
144,6,1,1,1,1,2,3,3
144,6,2,4,1,2,2,3,3
144,6,3,2,1,2,1,2,3
144,7,1,4,3,2,1,1,2
144,7,2,4,2,2,1,2,2
144,7,3,1,4,1,1,2,1
145,1,1,2,4,1,2,2,1
145,1,2,3,4,2,2,1,3
145,1,3,3,3,2,1,2,2
145,2,1,2,3,2,2,3,1
145,2,2,4,1,1,2,2,3
145,2,3,1,1,2,1,1,2
145,3,1,1,2,2,2,3,1
145,3,2,4,2,2,2,1,3
145,3,3,2,4,1,1,1,1
145,4,1,4,2,1,1,2,3
145,4,2,4,1,1,2,2,2
145,4,3,3,2,1,2,3,3
145,5,1,1,2,2,1,1,2
145,5,2,3,4,2,1,2,1
145,5,3,1,1,1,2,3,3
145,6,1,3,4,1,1,3,2
145,6,2,2,3,2,1,3,2
145,6,3,4,1,2,2,1,1
145,7,1,4,4,1,1,3,2
145,7,2,1,3,2,2,1,1
145,7,3,2,3,1,1,2,3
146,1,1,1,2,1,1,3,2
146,1,2,2,2,1,2,2,1
146,1,3,2,1,2,2,2,3
146,2,1,2,3,1,2,3,3
146,2,2,1,4,1,1,1,3
146,2,3,1,1,1,1,3,2
146,3,1,3,4,2,2,3,3
146,3,2,3,4,1,1,1,2
146,3,3,3,3,2,1,2,2
146,4,1,1,4,2,2,1,1
146,4,2,2,1,1,1,2,3
146,4,3,4,3,2,2,2,1
146,5,1,3,2,2,1,3,2
146,5,2,1,2,2,1,1,2
146,5,3,4,1,2,1,1,1
146,6,1,2,4,1,2,2,3
146,6,2,4,1,2,2,3,3
146,6,3,4,3,1,2,1,1
146,7,1,4,2,1,2,1,1
146,7,2,2,4,1,2,2,2
146,7,3,3,3,2,1,3,1
147,1,1,2,3,1,2,2,3
147,1,2,4,3,1,2,1,1
147,1,3,1,3,2,2,3,3
147,2,1,2,3,2,2,3,3
147,2,2,1,1,2,1,2,3
147,2,3,1,2,1,1,1,1
147,3,1,2,1,2,1,3,2
147,3,2,2,2,1,2,2,3
147,3,3,3,4,2,1,1,2
147,4,1,2,4,2,1,3,1
147,4,2,3,1,2,1,1,2
147,4,3,3,1,2,2,2,1
147,5,1,4,4,1,2,1,3
147,5,2,4,1,1,1,2,1
147,5,3,2,1,1,2,3,1
147,6,1,3,3,2,2,2,2
147,6,2,3,2,2,1,3,3
147,6,3,4,2,1,2,1,2
147,7,1,1,4,1,2,3,2
147,7,2,4,2,2,1,1,2
147,7,3,1,4,1,1,2,1
148,1,1,2,2,2,2,3,3
148,1,2,4,3,2,2,3,2
148,1,3,4,3,1,2,1,3
148,2,1,4,2,2,2,3,2
148,2,2,1,3,1,1,2,2
148,2,3,3,1,1,1,3,2
148,3,1,3,4,1,1,1,2
148,3,2,1,3,1,1,2,3
148,3,3,1,1,2,2,2,1
148,4,1,2,3,1,2,2,1
148,4,2,2,4,1,1,3,1
148,4,3,2,3,2,2,1,1
148,5,1,2,4,2,1,3,2
148,5,2,3,1,2,2,2,3
148,5,3,3,4,1,1,1,1
148,6,1,3,2,2,1,1,1
148,6,2,3,2,1,2,1,2
148,6,3,4,2,2,2,2,3
148,7,1,4,1,2,1,1,3
148,7,2,1,4,2,1,3,1
148,7,3,1,1,1,2,2,3
149,1,1,1,4,2,2,3,2
149,1,2,4,2,1,1,3,3
149,1,3,1,1,2,1,1,1
149,2,1,2,2,1,1,2,1
149,2,2,4,1,1,2,1,1
149,2,3,3,4,2,2,2,3
149,3,1,3,3,1,1,3,2
149,3,2,3,1,1,2,1,2
149,3,3,3,3,1,2,1,3
149,4,1,2,1,1,1,3,3
149,4,2,1,3,1,2,2,2
149,4,3,4,1,2,2,3,2
149,5,1,4,3,1,1,2,1
149,5,2,1,2,1,2,2,2
149,5,3,1,2,1,1,1,1
149,6,1,1,4,2,1,1,1
149,6,2,2,4,2,1,1,2
149,6,3,2,2,2,1,3,3
149,7,1,4,4,2,2,3,3
149,7,2,2,3,2,2,2,1
149,7,3,3,2,2,1,2,3
150,1,1,4,3,2,1,2,2
150,1,2,1,4,1,2,2,2
150,1,3,3,1,1,2,3,1
150,2,1,3,1,2,2,1,3
150,2,2,3,4,1,1,2,2
150,2,3,1,1,2,1,3,1
150,3,1,3,4,2,1,1,3
150,3,2,2,2,1,1,2,3
150,3,3,1,2,1,2,3,1
150,4,1,2,3,2,2,1,2
150,4,2,4,2,1,2,3,1
150,4,3,3,4,1,1,2,1
150,5,1,1,1,1,2,2,2
150,5,2,4,3,1,1,1,3
150,5,3,2,3,2,1,1,1
150,6,1,2,2,2,2,3,3
150,6,2,4,3,1,1,3,1
150,6,3,2,4,1,1,3,2
150,7,1,1,1,2,2,1,3
150,7,2,2,2,2,2,1,3
150,7,3,4,1,2,2,2,2
151,1,1,2,1,2,2,2,2
151,1,2,4,4,2,1,1,2
151,1,3,3,2,2,2,1,1
151,2,1,1,3,2,1,2,2
151,2,2,3,1,1,2,1,1
151,2,3,3,4,2,2,1,1
151,3,1,4,2,1,1,1,1
151,3,2,4,3,1,2,3,1
151,3,3,1,3,2,1,3,3
151,4,1,4,4,1,2,3,2
151,4,2,1,2,2,2,1,3
151,4,3,1,3,1,1,2,2
151,5,1,2,3,2,2,2,3
151,5,2,3,1,1,1,1,1
151,5,3,1,2,2,1,2,1
151,6,1,3,4,2,2,3,2
151,6,2,2,3,1,2,2,3
151,6,3,1,4,1,1,3,2
151,7,1,4,2,2,1,3,3
151,7,2,2,1,1,1,2,3
151,7,3,2,1,1,2,3,3
152,1,1,3,4,2,1,3,1
152,1,2,3,1,1,2,2,1
152,1,3,1,1,1,2,2,3
152,2,1,2,4,2,1,3,3
152,2,2,4,1,2,1,3,2
152,2,3,3,1,1,1,2,2
152,3,1,4,3,1,1,3,3
152,3,2,4,3,2,2,1,3
152,3,3,1,4,1,1,2,1
152,4,1,2,2,2,1,1,1
152,4,2,3,4,2,2,2,2
152,4,3,3,3,2,2,3,3
152,5,1,1,3,1,1,1,2
152,5,2,2,4,1,2,3,2
152,5,3,2,2,1,2,1,3
152,6,1,1,1,2,1,3,3
152,6,2,4,2,1,1,1,2
152,6,3,1,3,1,2,1,1
152,7,1,2,1,2,2,2,1
152,7,2,4,2,2,2,2,1
152,7,3,2,2,2,2,1,2
153,1,1,1,3,2,2,1,3
153,1,2,4,3,2,1,3,2
153,1,3,4,2,1,1,3,3
153,2,1,2,2,1,2,2,2
153,2,2,3,2,2,1,1,3
153,2,3,3,4,2,2,2,2
153,3,1,3,3,2,2,3,3
153,3,2,4,2,2,1,2,2
153,3,3,3,1,1,2,3,3
153,4,1,2,4,2,2,2,3
153,4,2,1,2,1,1,3,1
153,4,3,2,4,1,1,2,1
153,5,1,4,3,1,2,2,2
153,5,2,1,1,1,2,1,3
153,5,3,1,4,1,2,1,1
153,6,1,2,1,2,1,1,1
153,6,2,2,2,2,1,1,1
153,6,3,1,1,1,2,2,1
153,7,1,2,3,1,2,3,1
153,7,2,3,1,2,1,3,2
153,7,3,4,4,1,1,1,2
154,1,1,3,3,2,1,1,1
154,1,2,2,3,2,2,1,1
154,1,3,3,3,1,2,1,3
154,2,1,1,1,1,2,1,2
154,2,2,4,2,1,1,1,1
154,2,3,1,4,1,1,3,1
154,3,1,2,2,2,1,2,2
154,3,2,2,2,1,2,1,2
154,3,3,2,1,2,2,1,1
154,4,1,4,2,2,2,2,2
154,4,2,1,3,2,2,2,3
154,4,3,2,4,1,2,2,2
154,5,1,1,2,1,1,3,3
154,5,2,1,2,1,1,3,1
154,5,3,1,4,2,2,2,3
154,6,1,3,3,2,1,3,2
154,6,2,4,1,2,1,2,2
154,6,3,4,4,2,1,2,3
154,7,1,3,4,1,1,3,3
154,7,2,3,1,1,2,3,1
154,7,3,4,1,2,1,3,3
155,1,1,3,3,1,2,1,1
155,1,2,3,1,2,2,3,3
155,1,3,4,3,1,1,2,3
155,2,1,2,4,2,1,3,3
155,2,2,1,4,1,1,2,2
155,2,3,4,1,1,1,2,2
155,3,1,3,2,1,2,2,2
155,3,2,4,2,2,1,3,1
155,3,3,2,4,2,2,3,1
155,4,1,2,4,1,2,2,3
155,4,2,3,1,2,1,1,1
155,4,3,1,3,2,2,1,3
155,5,1,4,4,2,1,1,2
155,5,2,1,1,2,2,3,2
155,5,3,1,4,1,1,1,2
155,6,1,2,2,2,2,3,1
155,6,2,3,1,1,1,1,1
155,6,3,1,3,2,2,1,3
155,7,1,4,2,2,2,3,3
155,7,2,2,2,1,1,2,1
155,7,3,4,3,1,2,2,2
156,1,1,2,3,2,2,2,3
156,1,2,1,1,1,1,1,3
156,1,3,1,3,2,1,1,3
156,2,1,3,2,1,2,3,1
156,2,2,4,1,1,2,2,2
156,2,3,3,2,1,2,2,2
156,3,1,4,1,2,1,2,1
156,3,2,2,2,2,2,1,3
156,3,3,1,1,1,1,1,1
156,4,1,3,4,2,1,3,3
156,4,2,4,1,2,2,2,1
156,4,3,2,3,1,2,2,1
156,5,1,2,4,1,2,1,1
156,5,2,2,2,2,2,1,1
156,5,3,1,2,2,1,2,2
156,6,1,3,3,2,2,3,2
156,6,2,1,3,1,1,3,2
156,6,3,4,4,1,1,3,2
156,7,1,3,2,1,1,1,3
156,7,2,3,4,1,1,3,2
156,7,3,4,4,2,1,3,3
157,1,1,3,3,1,2,1,2
157,1,2,1,4,1,1,1,3
157,1,3,2,1,1,2,3,1
157,2,1,1,3,1,1,3,2
157,2,2,3,2,2,2,1,3
157,2,3,4,2,1,2,3,1
157,3,1,3,2,1,2,1,1
157,3,2,3,1,2,1,1,2
157,3,3,2,4,1,2,2,2
157,4,1,1,3,2,1,1,2
157,4,2,1,4,2,2,3,2
157,4,3,4,1,1,1,2,3
157,5,1,2,4,2,1,1,1
157,5,2,4,1,2,1,2,3
157,5,3,4,2,1,1,2,3
157,6,1,1,4,1,1,3,3
157,6,2,3,1,2,2,2,1
157,6,3,2,2,1,2,3,3
157,7,1,3,3,2,2,3,1
157,7,2,4,2,2,1,2,2
157,7,3,2,3,2,1,2,1
158,1,1,4,4,2,1,1,1
158,1,2,3,1,1,1,1,1
158,1,3,2,1,2,1,3,2
158,2,1,3,1,2,2,2,2
158,2,2,1,2,2,2,1,1
158,2,3,2,1,2,2,3,1
158,3,1,4,3,1,1,1,3
158,3,2,4,3,1,2,3,3
158,3,3,1,2,1,1,2,2
158,4,1,4,3,1,1,3,3
158,4,2,4,3,1,2,2,1
158,4,3,2,1,1,2,1,2
158,5,1,1,2,2,1,1,2
158,5,2,3,4,1,2,3,2
158,5,3,3,2,2,2,2,3
158,6,1,2,1,1,2,2,3
158,6,2,2,4,2,2,1,2
158,6,3,1,3,2,1,2,1
158,7,1,1,4,2,2,2,3
158,7,2,3,2,1,1,3,1
158,7,3,2,4,1,1,3,3
159,1,1,1,2,1,1,3,2
159,1,2,4,2,1,1,2,2
159,1,3,2,2,2,1,1,3
159,2,1,1,3,1,1,2,1
159,2,2,2,2,1,1,1,1
159,2,3,2,4,1,2,1,2
159,3,1,3,1,2,2,1,1
159,3,2,2,4,2,2,3,1
159,3,3,4,2,2,1,2,1
159,4,1,1,1,2,2,3,2
159,4,2,3,2,2,1,2,2
159,4,3,3,1,1,2,3,3
159,5,1,1,3,2,2,3,2
159,5,2,4,4,2,2,3,2
159,5,3,1,4,2,2,1,3
159,6,1,3,3,2,1,1,3
159,6,2,2,4,1,1,2,3
159,6,3,3,3,1,2,1,3
159,7,1,1,1,1,2,2,1
159,7,2,4,1,1,2,2,1
159,7,3,4,3,1,1,3,3
160,1,1,3,2,2,1,3,3
160,1,2,3,1,1,2,2,2
160,1,3,2,3,2,1,1,1
160,2,1,2,3,2,1,2,1
160,2,2,3,4,1,2,3,3
160,2,3,4,4,2,2,2,1
160,3,1,4,3,1,1,2,3
160,3,2,1,1,2,2,2,2
160,3,3,4,3,2,1,1,3
160,4,1,2,4,1,1,3,2
160,4,2,1,2,1,2,3,1
160,4,3,3,4,2,2,1,1
160,5,1,2,2,2,1,2,2
160,5,2,1,2,1,1,1,2
160,5,3,3,2,1,1,3,2
160,6,1,4,1,2,2,2,3
160,6,2,4,4,1,2,1,2
160,6,3,1,1,2,2,3,3
160,7,1,2,1,2,1,1,1
160,7,2,4,3,1,2,1,1
160,7,3,1,4,1,2,3,3
161,1,1,4,1,1,2,1,1
161,1,2,2,4,1,2,2,1
161,1,3,3,4,1,2,2,2
161,2,1,4,3,2,2,3,3
161,2,2,1,3,1,1,1,3
161,2,3,4,2,1,1,3,1
161,3,1,4,2,2,2,3,2
161,3,2,2,1,1,1,1,2
161,3,3,3,3,2,2,3,3
161,4,1,1,2,1,1,3,3
161,4,2,3,1,2,1,2,1
161,4,3,3,2,1,2,1,3
161,5,1,2,2,2,1,3,2
161,5,2,2,3,1,2,1,2
161,5,3,4,4,2,1,2,1
161,6,1,1,2,2,1,1,2
161,6,2,1,1,2,2,2,3
161,6,3,1,4,1,2,3,1
161,7,1,2,1,2,2,2,1
161,7,2,3,4,2,1,2,2
161,7,3,3,3,2,1,1,3
162,1,1,3,1,2,2,3,1
162,1,2,1,4,2,2,3,1
162,1,3,1,1,2,1,1,2
162,2,1,1,4,2,1,3,2
162,2,2,4,3,1,2,1,1
162,2,3,4,2,2,2,3,2
162,3,1,4,2,2,1,3,3
162,3,2,3,2,1,1,2,3
162,3,3,4,1,2,1,2,1
162,4,1,4,3,2,1,2,1
162,4,2,2,1,1,1,1,3
162,4,3,2,2,2,2,2,2
162,5,1,2,4,1,1,1,3
162,5,2,3,1,1,2,1,3
162,5,3,1,2,1,1,2,1
162,6,1,3,3,1,1,3,2
162,6,2,1,4,1,1,1,3
162,6,3,2,3,2,2,3,2
162,7,1,1,3,2,2,1,3
162,7,2,3,4,1,2,2,2
162,7,3,2,3,1,2,2,1
163,1,1,2,4,1,1,2,2
163,1,2,4,1,1,2,2,2
163,1,3,3,2,2,2,2,2
163,2,1,2,1,2,1,1,3
163,2,2,4,4,1,2,1,2
163,2,3,3,3,1,1,2,1
163,3,1,2,1,1,2,1,1
163,3,2,1,4,2,1,3,3
163,3,3,3,2,2,2,3,1
163,4,1,4,3,1,1,1,1
163,4,2,1,2,2,2,2,3
163,4,3,3,2,1,1,3,1
163,5,1,1,3,1,2,3,2
163,5,2,2,1,2,2,1,3
163,5,3,4,3,2,1,1,1
163,6,1,4,4,2,2,2,1
163,6,2,2,2,2,2,2,3
163,6,3,3,1,2,1,3,3
163,7,1,1,1,1,1,1,3
163,7,2,1,4,2,2,3,2
163,7,3,3,3,1,1,3,2
164,1,1,3,3,1,2,1,2
164,1,2,2,2,1,1,2,1
164,1,3,4,4,2,2,1,3
164,2,1,4,3,2,1,1,1
164,2,2,1,2,1,2,3,2
164,2,3,3,1,2,1,2,3
164,3,1,1,3,2,2,2,1
164,3,2,1,2,2,1,2,3
164,3,3,4,3,2,1,3,3
164,4,1,2,4,2,1,3,3
164,4,2,4,4,2,2,3,2
164,4,3,4,2,2,1,3,1
164,5,1,3,3,2,2,1,1
164,5,2,2,1,1,1,2,2
164,5,3,2,1,2,2,1,2
164,6,1,3,4,1,1,2,1
164,6,2,3,4,1,2,3,2
164,6,3,4,1,1,1,3,3
164,7,1,1,2,1,2,1,3
164,7,2,2,1,1,1,2,1
164,7,3,1,3,1,2,1,2
165,1,1,3,4,2,1,3,2
165,1,2,2,3,1,2,3,2
165,1,3,4,3,2,1,1,2
165,2,1,1,1,1,2,3,3
165,2,2,4,3,1,2,2,3
165,2,3,2,4,1,1,2,3
165,3,1,3,1,1,1,2,1
165,3,2,1,3,1,1,2,1
165,3,3,4,2,1,1,1,2
165,4,1,4,1,2,1,3,3
165,4,2,3,3,1,1,3,1
165,4,3,2,1,2,1,1,3
165,5,1,2,4,1,2,1,2
165,5,2,3,2,2,2,1,3
165,5,3,1,2,2,2,1,1
165,6,1,2,4,2,1,2,2
165,6,2,1,4,2,2,2,2
165,6,3,2,1,2,1,1,1
165,7,1,4,2,1,2,3,1
165,7,2,1,1,2,2,2,1
165,7,3,3,2,2,2,3,3
166,1,1,4,3,2,2,2,3
166,1,2,1,3,1,1,1,1
166,1,3,4,1,2,2,1,3
166,2,1,3,1,1,1,3,2
166,2,2,3,2,1,2,3,2
166,2,3,1,2,2,2,1,2
166,3,1,3,4,2,2,3,1
166,3,2,3,3,1,1,3,3
166,3,3,1,1,2,1,2,2
166,4,1,2,1,2,1,2,3
166,4,2,2,4,2,1,3,3
166,4,3,4,2,2,2,2,2
166,5,1,4,1,1,1,3,3
166,5,2,2,3,2,1,3,1
166,5,3,3,1,1,1,2,1
166,6,1,4,4,1,2,1,1
166,6,2,1,4,1,2,1,1
166,6,3,4,2,2,1,1,3
166,7,1,2,4,1,1,1,1
166,7,2,1,3,1,2,2,2
166,7,3,2,2,1,2,2,2
167,1,1,4,3,2,2,1,2
167,1,2,1,4,1,2,3,2
167,1,3,4,3,1,1,3,2
167,2,1,4,4,1,2,1,2
167,2,2,3,2,2,1,2,1
167,2,3,1,4,1,2,2,1
167,3,1,1,2,1,1,2,3
167,3,2,1,1,2,1,3,3
167,3,3,3,1,2,2,2,1
167,4,1,3,2,1,2,2,2
167,4,2,1,2,2,2,3,3
167,4,3,4,3,1,1,3,3
167,5,1,2,3,2,1,1,1
167,5,2,3,3,1,1,1,1
167,5,3,3,4,2,1,2,1
167,6,1,2,1,1,2,2,2
167,6,2,2,1,2,2,1,1
167,6,3,3,1,1,1,3,3
167,7,1,2,1,1,2,1,2
167,7,2,2,4,2,1,1,3
167,7,3,4,2,2,2,3,3
168,1,1,1,1,2,2,2,2
168,1,2,4,2,1,1,3,1
168,1,3,3,3,2,1,1,1
168,2,1,2,1,2,2,3,3
168,2,2,3,1,2,1,2,1
168,2,3,1,3,1,2,3,1
168,3,1,4,4,2,1,2,1
168,3,2,4,3,1,1,1,2
168,3,3,3,4,2,2,3,1
168,4,1,3,3,2,2,3,2
168,4,2,2,2,1,1,3,3
168,4,3,2,2,1,1,1,1
168,5,1,4,4,2,2,2,3
168,5,2,1,3,1,2,2,3
168,5,3,4,4,1,2,3,3
168,6,1,4,4,1,1,1,2
168,6,2,2,2,1,2,1,2
168,6,3,2,2,1,1,1,3
168,7,1,1,1,1,1,2,3
168,7,2,1,4,2,2,1,2
168,7,3,3,1,2,2,2,2
169,1,1,4,1,2,2,1,2
169,1,2,1,1,2,1,3,1
169,1,3,2,1,1,1,2,3
169,2,1,4,3,2,2,1,2
169,2,2,3,3,1,2,3,3
169,2,3,2,4,1,1,2,1
169,3,1,2,3,2,2,2,1
169,3,2,3,2,2,2,3,3
169,3,3,4,4,1,1,3,2
169,4,1,2,3,1,2,2,2
169,4,2,1,4,2,2,1,1
169,4,3,1,2,2,2,3,2
169,5,1,1,3,2,1,1,2
169,5,2,3,3,2,1,2,1
169,5,3,4,1,2,1,2,3
169,6,1,2,2,2,1,1,1
169,6,2,3,1,1,2,1,2
169,6,3,3,4,1,2,3,3
169,7,1,4,4,1,1,1,3
169,7,2,1,2,1,1,2,1
169,7,3,4,2,1,2,3,3
170,1,1,4,3,1,2,1,2
170,1,2,1,1,1,1,1,1
170,1,3,3,4,2,2,2,1
170,2,1,4,2,2,2,1,1
170,2,2,4,3,2,1,2,3
170,2,3,2,4,2,2,3,2
170,3,1,1,3,2,2,2,2
170,3,2,4,2,1,1,2,2
170,3,3,3,1,2,1,3,3
170,4,1,2,2,2,1,3,2
170,4,2,4,1,2,1,1,1
170,4,3,1,4,1,1,3,2
170,5,1,2,1,1,2,2,1
170,5,2,2,3,2,2,3,1
170,5,3,2,1,1,2,2,3
170,6,1,1,2,1,1,2,3
170,6,2,1,4,1,2,3,3
170,6,3,3,4,2,1,1,3
170,7,1,1,3,1,2,1,1
170,7,2,3,3,1,1,1,3
170,7,3,3,2,2,2,3,2
171,1,1,3,1,2,1,2,3
171,1,2,1,2,2,1,2,2
171,1,3,2,1,2,2,2,2
171,2,1,3,2,1,2,1,3
171,2,2,3,2,1,2,2,1
171,2,3,1,4,1,1,3,1
171,3,1,4,3,1,1,2,2
171,3,2,4,3,1,2,1,1
171,3,3,1,1,2,1,2,1
171,4,1,2,4,2,2,1,3
171,4,2,4,3,1,1,3,1
171,4,3,4,1,1,2,3,2
171,5,1,2,4,1,2,3,3
171,5,2,2,2,1,1,3,2
171,5,3,1,4,1,2,3,2
171,6,1,4,2,2,1,1,3
171,6,2,3,3,2,1,1,2
171,6,3,2,4,2,2,3,1
171,7,1,1,3,1,2,1,1
171,7,2,3,1,2,1,1,3
171,7,3,4,4,2,2,2,3
172,1,1,1,1,2,2,2,3
172,1,2,4,2,2,1,2,2
172,1,3,3,4,2,2,1,1
172,2,1,2,1,1,2,1,1
172,2,2,4,2,1,1,1,3
172,2,3,2,4,2,2,3,1
172,3,1,1,1,2,2,3,2
172,3,2,1,4,1,2,2,1
172,3,3,2,3,1,1,2,3
172,4,1,2,2,1,1,1,2
172,4,2,1,3,2,1,3,3
172,4,3,3,3,1,1,2,1
172,5,1,3,2,1,2,2,2
172,5,2,3,1,1,2,1,1
172,5,3,4,3,2,1,3,2
172,6,1,1,2,2,2,1,1
172,6,2,3,4,2,1,3,2
172,6,3,3,3,1,1,1,3
172,7,1,4,2,2,1,2,3
172,7,2,4,1,1,2,3,2
172,7,3,2,4,1,2,3,3
173,1,1,4,1,2,1,3,3
173,1,2,3,1,1,1,2,2
173,1,3,2,3,1,2,1,1
173,2,1,1,4,1,1,2,1
173,2,2,1,3,1,2,3,2
173,2,3,2,3,2,1,1,3
173,3,1,2,1,1,1,3,1
173,3,2,4,2,2,2,3,1
173,3,3,2,2,2,2,3,1
173,4,1,1,4,2,2,1,1
173,4,2,2,2,1,1,2,3
173,4,3,3,3,1,1,1,2
173,5,1,3,1,1,2,1,2
173,5,2,4,4,2,2,3,3
173,5,3,1,1,1,1,3,3
173,6,1,1,3,2,2,1,1
173,6,2,4,4,2,1,2,2
173,6,3,3,1,1,1,1,3
173,7,1,4,4,2,2,2,2
173,7,2,2,2,2,2,2,3
173,7,3,3,2,1,1,2,2
174,1,1,3,2,1,2,1,2
174,1,2,4,2,1,2,2,1
174,1,3,1,2,1,2,1,1
174,2,1,1,3,2,2,3,2
174,2,2,3,1,2,1,2,1
174,2,3,4,4,2,2,3,3
174,3,1,4,4,1,1,1,3
174,3,2,3,1,1,2,2,3
174,3,3,2,1,1,1,3,1
174,4,1,1,3,2,1,1,3
174,4,2,2,4,1,2,2,3
174,4,3,3,1,2,1,2,3
174,5,1,1,3,1,2,1,1
174,5,2,4,2,2,1,1,2
174,5,3,3,1,1,1,2,1
174,6,1,2,3,1,1,3,2
174,6,2,1,3,2,1,2,1
174,6,3,4,4,2,1,1,2
174,7,1,2,4,2,2,3,2
174,7,2,2,2,2,2,3,3
174,7,3,3,2,2,2,3,2
175,1,1,2,2,1,1,2,1
175,1,2,2,4,1,2,1,3
175,1,3,1,2,2,2,1,2
175,2,1,3,2,1,2,1,1
175,2,2,4,4,2,2,2,1
175,2,3,1,1,2,2,1,3
175,3,1,4,3,2,1,3,2
175,3,2,3,1,2,1,2,1
175,3,3,1,3,2,1,3,2
175,4,1,4,3,1,2,2,1
175,4,2,2,4,1,2,2,3
175,4,3,2,1,1,2,3,1
175,5,1,3,3,2,1,2,3
175,5,2,4,2,2,1,2,2
175,5,3,3,2,1,1,1,2
175,6,1,4,3,2,2,1,3
175,6,2,3,1,1,1,3,3
175,6,3,1,4,1,1,3,3
175,7,1,2,1,2,2,3,2
175,7,2,3,2,2,2,3,1
175,7,3,1,4,1,1,1,2
176,1,1,4,3,2,2,1,1
176,1,2,2,1,1,1,2,3
176,1,3,3,2,2,1,3,3
176,2,1,2,3,2,2,2,1
176,2,2,3,4,1,1,3,2
176,2,3,3,4,1,1,1,3
176,3,1,4,4,1,2,1,2
176,3,2,1,3,1,2,3,1
176,3,3,2,3,2,2,1,2
176,4,1,3,2,2,1,2,3
176,4,2,1,3,2,2,2,1
176,4,3,4,2,1,2,1,3
176,5,1,1,4,2,1,2,1
176,5,2,2,4,1,2,2,2
176,5,3,1,1,1,2,1,3
176,6,1,4,4,2,1,1,1
176,6,2,2,1,1,1,3,2
176,6,3,2,2,2,2,3,2
176,7,1,4,1,2,1,2,1
176,7,2,3,1,2,1,3,2
176,7,3,1,2,1,1,3,3
177,1,1,1,1,2,2,3,1
177,1,2,1,3,2,1,1,1
177,1,3,4,4,1,1,1,2
177,2,1,3,2,2,2,2,2
177,2,2,3,3,2,2,3,2
177,2,3,2,4,1,1,3,3
177,3,1,3,1,1,2,2,3
177,3,2,4,2,2,1,3,3
177,3,3,2,3,1,2,3,1
177,4,1,4,1,1,1,1,1
177,4,2,1,1,1,2,1,3
177,4,3,1,1,2,2,1,3
177,5,1,2,4,2,2,2,3
177,5,2,4,2,2,2,3,2
177,5,3,2,4,2,1,2,1
177,6,1,1,3,1,2,3,2
177,6,2,4,3,1,1,2,2
177,6,3,1,2,1,1,1,2
177,7,1,2,2,1,1,2,1
177,7,2,3,2,1,1,2,3
177,7,3,3,4,2,1,1,1
178,1,1,3,3,2,1,3,1
178,1,2,1,4,2,1,3,3
178,1,3,1,2,1,1,2,3
178,2,1,4,2,1,1,2,2
178,2,2,4,1,1,2,1,1
178,2,3,1,2,1,1,2,2
178,3,1,2,4,1,1,1,2
178,3,2,2,1,2,2,2,2
178,3,3,2,3,1,2,1,3
178,4,1,4,3,2,2,1,2
178,4,2,3,1,2,2,3,3
178,4,3,1,4,2,2,2,2
178,5,1,1,2,1,1,3,1
178,5,2,3,2,2,1,1,2
178,5,3,4,1,1,2,1,3
178,6,1,2,2,1,2,1,1
178,6,2,3,4,2,2,3,3
178,6,3,4,1,2,1,3,1
178,7,1,2,3,1,2,2,3
178,7,2,3,3,2,2,2,1
178,7,3,1,4,1,1,3,1
179,1,1,1,1,1,1,1,1
179,1,2,2,2,2,1,1,2
179,1,3,1,1,2,1,2,1
179,2,1,4,2,1,2,1,1
179,2,2,3,3,2,1,2,3
179,2,3,4,2,1,2,3,2
179,3,1,3,2,2,2,2,2
179,3,2,4,2,2,2,3,3
179,3,3,3,4,1,2,2,2
179,4,1,2,4,1,2,1,3
179,4,2,4,1,1,2,3,3
179,4,3,3,4,1,1,1,2
179,5,1,2,3,2,1,3,3
179,5,2,1,3,1,1,3,1
179,5,3,4,1,2,2,1,1
179,6,1,2,1,1,2,3,2
179,6,2,1,3,1,2,2,3
179,6,3,2,4,2,1,2,1
179,7,1,3,4,1,1,3,2
179,7,2,3,3,2,1,2,1
179,7,3,1,1,2,1,1,3
180,1,1,4,4,2,1,2,2
180,1,2,3,3,2,1,3,3
180,1,3,1,4,1,1,1,1
180,2,1,4,1,2,2,2,2
180,2,2,3,3,1,2,1,2
180,2,3,2,3,1,2,3,2
180,3,1,2,2,2,2,2,3
180,3,2,4,1,1,1,2,3
180,3,3,3,2,2,1,1,1
180,4,1,2,2,1,2,1,3
180,4,2,2,2,2,2,2,1
180,4,3,2,4,1,2,1,3
180,5,1,1,4,1,2,3,1
180,5,2,4,3,2,1,3,1
180,5,3,3,1,2,2,2,3
180,6,1,1,2,2,1,3,2
180,6,2,4,1,2,1,3,1
180,6,3,1,4,1,2,1,3
180,7,1,3,3,1,1,1,1
180,7,2,3,2,1,1,2,2
180,7,3,1,1,1,1,3,2
181,1,1,2,1,2,2,1,1
181,1,2,3,1,2,1,2,3
181,1,3,4,2,2,1,2,3
181,2,1,4,3,1,1,2,1
181,2,2,3,1,2,1,1,1
181,2,3,1,3,2,2,3,3
181,3,1,3,4,1,1,3,2
181,3,2,2,2,1,1,1,1
181,3,3,1,4,1,2,3,2
181,4,1,3,2,1,1,3,3
181,4,2,1,2,1,1,1,3
181,4,3,1,1,2,2,3,3
181,5,1,2,3,1,1,3,2
181,5,2,1,3,1,2,2,2
181,5,3,2,2,1,2,1,2
181,6,1,3,3,2,2,1,1
181,6,2,4,4,1,2,2,1
181,6,3,4,4,2,2,3,1
181,7,1,4,4,1,2,2,2
181,7,2,2,1,2,1,1,3
181,7,3,2,4,2,1,2,2
182,1,1,3,1,2,1,3,3
182,1,2,3,3,2,2,1,3
182,1,3,2,4,1,1,2,3
182,2,1,4,4,1,2,1,2
182,2,2,3,2,2,2,3,3
182,2,3,2,1,2,2,3,3
182,3,1,2,3,1,2,1,2
182,3,2,2,2,1,2,3,2
182,3,3,4,3,1,1,2,1
182,4,1,3,4,2,1,3,1
182,4,2,1,1,2,1,2,3
182,4,3,2,2,1,2,3,2
182,5,1,4,4,2,2,2,2
182,5,2,1,2,2,2,2,1
182,5,3,1,3,1,1,3,1
182,6,1,4,1,2,2,1,2
182,6,2,1,1,2,1,2,1
182,6,3,3,4,1,1,1,3
182,7,1,1,2,1,1,1,2
182,7,2,4,2,2,2,1,1
182,7,3,1,3,1,1,2,1
183,1,1,2,1,2,2,3,2
183,1,2,4,3,2,2,3,3
183,1,3,4,2,1,1,1,3
183,2,1,1,4,2,1,2,3
183,2,2,1,2,2,1,3,2
183,2,3,1,3,1,1,1,3
183,3,1,1,1,2,1,1,3
183,3,2,4,4,1,1,2,2
183,3,3,3,2,2,2,2,2
183,4,1,2,2,2,2,3,1
183,4,2,3,1,1,2,1,1
183,4,3,2,2,1,2,1,3
183,5,1,1,2,1,2,3,2
183,5,2,3,3,1,1,1,1
183,5,3,2,3,2,2,1,1
183,6,1,3,4,1,1,2,2
183,6,2,4,4,2,1,3,3
183,6,3,1,4,2,1,3,1
183,7,1,3,3,1,2,2,1
183,7,2,2,1,1,2,2,2
183,7,3,4,1,2,2,2,1
184,1,1,1,3,1,1,3,1
184,1,2,1,1,2,1,3,1
184,1,3,3,3,1,1,3,2
184,2,1,4,4,2,1,3,3
184,2,2,3,4,1,2,3,2
184,2,3,4,4,1,2,2,2
184,3,1,2,3,1,2,1,2
184,3,2,2,1,1,1,1,2
184,3,3,1,2,2,1,2,1
184,4,1,1,2,1,2,1,3
184,4,2,4,1,2,1,2,2
184,4,3,3,3,2,1,1,3
184,5,1,2,2,2,2,2,3
184,5,2,2,1,2,2,1,1
184,5,3,3,4,1,2,1,3
184,6,1,1,2,1,2,2,3
184,6,2,2,2,2,2,1,3
184,6,3,3,4,1,2,2,1
184,7,1,4,1,2,2,2,2
184,7,2,2,3,1,1,3,1
184,7,3,4,4,2,1,3,1
185,1,1,1,1,2,2,1,1
185,1,2,4,3,2,1,3,2
185,1,3,3,2,1,1,2,1
185,2,1,3,1,2,1,2,2
185,2,2,2,3,1,2,3,2
185,2,3,2,3,1,1,1,2
185,3,1,4,4,2,2,2,1
185,3,2,3,3,1,2,1,3
185,3,3,3,4,1,2,1,3
185,4,1,4,4,1,1,2,1
185,4,2,1,4,2,1,1,3
185,4,3,1,1,1,1,2,3
185,5,1,4,2,2,1,1,1
185,5,2,2,2,2,2,3,1
185,5,3,3,3,1,2,3,1
185,6,1,2,1,1,2,3,2
185,6,2,1,3,2,1,2,2
185,6,3,1,2,2,1,3,3
185,7,1,4,1,2,2,1,2
185,7,2,2,2,1,2,3,3
185,7,3,1,4,1,2,2,3
186,1,1,3,3,1,1,2,1
186,1,2,4,4,2,2,3,3
186,1,3,3,3,1,2,1,1
186,2,1,1,4,2,1,3,3
186,2,2,2,2,2,1,1,3
186,2,3,1,2,1,1,3,1
186,3,1,2,1,1,2,3,1
186,3,2,1,1,1,2,1,2
186,3,3,1,3,2,1,2,2
186,4,1,3,2,1,1,2,3
186,4,2,3,4,1,1,1,2
186,4,3,4,2,2,2,2,2
186,5,1,4,4,1,2,2,2
186,5,2,4,1,1,2,2,3
186,5,3,2,2,2,1,3,1
186,6,1,2,1,1,1,3,1
186,6,2,1,1,2,2,1,2
186,6,3,4,4,2,1,2,3
186,7,1,3,3,1,2,1,2
186,7,2,2,4,2,2,3,3
186,7,3,3,3,2,1,1,1
187,1,1,1,3,2,2,1,1
187,1,2,3,1,1,1,1,3
187,1,3,4,2,1,2,1,2
187,2,1,3,3,2,1,2,1
187,2,2,4,4,1,1,2,2
187,2,3,1,2,1,2,1,2
187,3,1,2,1,2,2,3,2
187,3,2,2,3,1,2,3,1
187,3,3,4,4,2,1,2,3
187,4,1,1,3,2,2,3,1
187,4,2,1,3,2,1,1,1
187,4,3,2,2,1,2,2,2
187,5,1,3,2,1,1,2,1
187,5,2,1,2,1,2,1,2
187,5,3,3,1,2,2,3,3
187,6,1,1,4,2,1,1,3
187,6,2,3,1,1,1,2,3
187,6,3,4,4,1,1,3,1
187,7,1,2,3,2,1,3,3
187,7,2,2,4,2,2,2,3
187,7,3,4,1,1,2,3,2
188,1,1,4,4,1,1,2,1
188,1,2,3,2,1,2,2,3
188,1,3,2,1,1,1,1,2
188,2,1,1,4,1,1,1,1
188,2,2,2,2,1,1,2,2
188,2,3,1,3,2,1,2,2
188,3,1,4,3,1,2,1,3
188,3,2,2,2,2,1,2,3
188,3,3,3,1,2,1,1,1
188,4,1,1,4,1,2,2,3
188,4,2,3,3,2,2,3,1
188,4,3,4,3,2,2,2,2
188,5,1,1,2,2,2,1,3
188,5,2,4,1,2,1,1,1
188,5,3,2,4,1,2,3,3
188,6,1,3,1,2,2,3,1
188,6,2,1,3,2,2,3,2
188,6,3,4,1,2,1,3,2
188,7,1,4,2,1,1,1,3
188,7,2,3,3,1,2,3,1
188,7,3,2,4,1,1,3,2
189,1,1,4,3,1,1,2,1
189,1,2,1,2,1,1,1,2
189,1,3,3,1,2,2,1,1
189,2,1,3,1,2,2,3,3
189,2,2,4,1,1,2,3,1
189,2,3,4,1,1,1,2,1
189,3,1,3,3,1,2,3,2
189,3,2,4,4,2,1,1,3
189,3,3,1,4,1,1,3,3
189,4,1,3,4,2,2,2,2
189,4,2,1,3,2,1,3,2
189,4,3,4,2,1,1,2,1
189,5,1,2,2,1,1,3,1
189,5,2,2,4,2,2,2,2
189,5,3,1,2,2,1,3,3
189,6,1,2,1,2,2,1,3
189,6,2,1,3,2,2,1,3
189,6,3,2,4,2,2,1,1
189,7,1,3,2,1,1,2,2
189,7,2,2,4,1,2,2,2
189,7,3,4,3,2,2,1,3
190,1,1,1,4,1,2,1,3
190,1,2,4,1,2,2,3,2
190,1,3,3,2,1,2,1,1
190,2,1,2,3,2,1,1,2
190,2,2,1,1,2,2,1,3
190,2,3,3,4,1,1,2,2
190,3,1,2,3,2,1,3,1
190,3,2,3,2,1,2,2,3
190,3,3,1,3,2,1,3,1
190,4,1,2,1,1,1,2,2
190,4,2,4,1,2,2,2,1
190,4,3,2,3,1,2,3,3
190,5,1,3,3,1,2,2,1
190,5,2,4,4,2,1,3,1
190,5,3,2,1,2,1,1,2
190,6,1,1,2,1,2,2,3
190,6,2,4,2,2,1,1,2
190,6,3,3,2,2,1,1,2
190,7,1,1,4,2,2,3,3
190,7,2,1,2,1,1,3,3
190,7,3,4,4,1,2,2,1
191,1,1,4,3,1,2,3,1
191,1,2,2,4,1,2,3,1
191,1,3,1,3,2,1,3,2
191,2,1,1,1,2,1,2,3
191,2,2,3,1,1,2,2,3
191,2,3,4,4,2,1,2,1
191,3,1,2,3,1,1,3,2
191,3,2,2,4,1,2,1,3
191,3,3,4,2,2,1,3,3
191,4,1,4,2,1,2,2,2
191,4,2,3,4,2,2,1,1
191,4,3,1,1,1,1,1,3
191,5,1,3,2,2,1,1,3
191,5,2,4,3,2,1,2,2
191,5,3,3,2,1,1,3,3
191,6,1,1,1,2,2,3,1
191,6,2,3,3,2,2,2,1
191,6,3,2,2,1,1,1,1
191,7,1,4,1,1,1,2,2
191,7,2,1,3,2,2,1,2
191,7,3,2,4,1,2,1,2
192,1,1,4,1,1,2,1,1
192,1,2,2,2,2,1,2,3
192,1,3,4,1,2,2,2,3
192,2,1,4,3,1,2,1,2
192,2,2,2,1,1,2,3,1
192,2,3,2,2,1,1,2,2
192,3,1,2,2,1,2,1,3
192,3,2,3,3,2,1,2,2
192,3,3,4,3,1,1,1,2
192,4,1,1,1,1,2,1,3
192,4,2,4,3,2,1,3,1
192,4,3,3,1,2,2,2,2
192,5,1,2,4,1,2,3,2
192,5,2,4,4,1,1,2,3
192,5,3,1,3,2,1,1,1
192,6,1,1,4,2,1,3,1
192,6,2,3,4,2,2,3,3
192,6,3,1,2,2,1,1,2
192,7,1,3,4,2,1,3,1
192,7,2,1,2,1,2,3,1
192,7,3,3,3,1,1,2,3
193,1,1,4,1,2,2,2,2
193,1,2,4,1,1,2,3,1
193,1,3,4,1,2,2,3,3
193,2,1,3,4,2,2,1,3
193,2,2,2,4,1,1,1,3
193,2,3,4,2,1,1,1,1
193,3,1,3,1,2,1,1,3
193,3,2,3,4,1,2,2,1
193,3,3,2,3,2,1,2,2
193,4,1,1,3,2,2,1,1
193,4,2,3,1,1,1,3,3
193,4,3,3,4,1,2,3,2
193,5,1,3,3,1,1,2,2
193,5,2,1,2,2,1,2,1
193,5,3,4,3,1,2,3,2
193,6,1,1,3,2,1,2,3
193,6,2,2,2,2,2,3,2
193,6,3,2,2,1,2,3,1
193,7,1,1,1,1,2,2,2
193,7,2,2,4,2,1,1,1
193,7,3,1,2,1,1,1,3
194,1,1,2,2,2,2,1,3
194,1,2,2,1,2,1,2,1
194,1,3,1,1,1,1,3,1
194,2,1,4,4,1,2,3,3
194,2,2,2,3,1,2,3,3
194,2,3,3,1,2,1,3,2
194,3,1,1,1,1,2,2,3
194,3,2,3,4,1,1,3,3
194,3,3,4,4,2,1,1,2
194,4,1,2,2,2,1,2,1
194,4,2,3,4,2,2,1,2
194,4,3,4,3,2,2,2,3
194,5,1,1,3,1,2,2,1
194,5,2,4,2,2,2,2,1
194,5,3,2,2,2,1,2,1
194,6,1,1,4,1,2,3,3
194,6,2,1,3,1,2,1,2
194,6,3,4,1,2,1,1,2
194,7,1,2,2,1,1,1,2
194,7,2,3,3,1,1,3,1
194,7,3,3,1,2,1,1,2
195,1,1,3,2,1,2,3,2
195,1,2,4,1,2,2,3,3
195,1,3,3,1,2,2,2,2
195,2,1,1,4,1,1,1,3
195,2,2,2,3,1,2,2,2
195,2,3,2,1,2,1,1,2
195,3,1,3,4,2,1,3,1
195,3,2,2,4,1,1,3,1
195,3,3,2,1,1,1,3,2
195,4,1,4,4,1,1,1,1
195,4,2,4,4,1,1,3,3
195,4,3,1,3,2,1,2,3
195,5,1,1,2,2,2,2,2
195,5,2,1,3,1,2,1,3
195,5,3,3,2,2,1,3,1
195,6,1,4,3,1,2,1,1
195,6,2,3,2,1,1,2,3
195,6,3,2,2,2,2,1,1
195,7,1,1,2,1,2,2,2
195,7,2,4,1,2,2,2,3
195,7,3,1,3,2,2,1,1
196,1,1,2,2,2,2,1,2
196,1,2,4,4,2,2,3,1
196,1,3,3,2,2,1,1,3
196,2,1,1,2,2,2,1,3
196,2,2,2,3,1,2,3,1
196,2,3,1,4,1,2,2,1
196,3,1,3,1,2,2,2,3
196,3,2,3,3,2,1,2,3
196,3,3,1,3,2,1,1,1
196,4,1,1,1,1,1,2,2
196,4,2,2,4,1,2,2,1
196,4,3,4,4,1,1,3,2
196,5,1,1,4,1,1,2,2
196,5,2,3,1,2,2,3,2
196,5,3,3,1,1,1,2,3
196,6,1,4,3,1,2,1,2
196,6,2,4,2,2,1,3,2
196,6,3,2,2,2,1,1,1
196,7,1,2,3,1,2,1,3
196,7,2,2,1,1,1,3,3
196,7,3,4,4,1,2,3,1
197,1,1,3,4,2,1,3,3
197,1,2,4,1,1,1,3,3
197,1,3,3,3,2,2,1,3
197,2,1,4,1,1,2,2,2
197,2,2,2,4,2,1,2,1
197,2,3,3,4,1,2,1,2
197,3,1,3,1,2,1,2,1
197,3,2,1,2,2,2,3,2
197,3,3,1,2,2,2,1,1
197,4,1,3,2,1,2,3,3
197,4,2,2,3,2,1,1,2
197,4,3,1,2,1,1,1,1
197,5,1,1,4,1,1,2,3
197,5,2,2,1,1,1,3,3
197,5,3,4,1,1,2,2,3
197,6,1,3,3,1,1,2,2
197,6,2,1,4,1,2,2,2
197,6,3,4,3,2,1,3,1
197,7,1,2,2,2,1,1,1
197,7,2,2,3,2,2,1,1
197,7,3,4,2,1,2,3,2
198,1,1,4,2,1,2,3,1
198,1,2,1,2,1,2,2,3
198,1,3,4,4,2,2,3,2
198,2,1,1,3,2,2,1,2
198,2,2,4,4,2,2,1,1
198,2,3,2,1,2,2,2,1
198,3,1,4,4,1,2,2,3
198,3,2,4,3,1,1,3,1
198,3,3,1,1,1,1,3,1
198,4,1,2,2,1,2,1,1
198,4,2,1,2,2,1,2,2
198,4,3,3,2,2,1,1,3
198,5,1,3,1,1,2,1,3
198,5,2,3,3,1,1,2,2
198,5,3,1,3,2,1,1,2
198,6,1,2,4,2,2,2,3
198,6,2,2,2,1,2,3,3
198,6,3,1,4,1,1,3,3
198,7,1,3,3,2,1,1,2
198,7,2,2,1,2,1,3,1
198,7,3,3,1,2,1,2,2
199,1,1,2,1,1,2,1,2
199,1,2,4,3,1,2,1,1
199,1,3,2,4,2,1,2,2
199,2,1,1,2,2,2,3,3
199,2,2,1,1,2,1,3,1
199,2,3,3,3,1,1,1,3
199,3,1,3,2,1,1,3,3
199,3,2,2,2,1,1,3,1
199,3,3,3,4,1,2,2,1
199,4,1,2,2,1,1,1,3
199,4,2,2,1,2,2,2,3
199,4,3,3,3,2,1,1,2
199,5,1,1,4,2,1,2,2
199,5,2,4,2,2,1,2,1
199,5,3,1,1,1,2,3,2
199,6,1,4,3,2,2,1,2
199,6,2,4,4,1,1,3,3
199,6,3,1,4,2,2,2,1
199,7,1,4,3,1,2,1,2
199,7,2,4,1,1,2,2,1
199,7,3,3,3,2,1,3,3
200,1,1,4,2,1,2,2,1
200,1,2,4,3,1,2,2,2
200,1,3,2,4,1,2,1,3
200,2,1,2,2,1,1,1,3
200,2,2,1,4,2,1,1,3
200,2,3,3,3,2,1,3,1
200,3,1,4,4,2,2,1,2
200,3,2,3,2,2,2,1,3
200,3,3,2,3,1,1,2,2
200,4,1,4,3,2,2,1,1
200,4,2,3,2,2,2,2,2
200,4,3,1,1,2,1,1,1
200,5,1,4,1,1,1,3,2
200,5,2,1,1,1,1,3,3
200,5,3,4,3,1,1,2,3
200,6,1,3,1,2,2,3,2
200,6,2,1,4,2,2,3,1
200,6,3,2,4,2,1,2,1
200,7,1,2,3,1,1,3,3
200,7,2,3,1,1,2,3,2
200,7,3,1,2,2,2,2,1
201,1,1,4,2,2,2,1,3
201,1,2,2,1,2,1,2,3
201,1,3,3,3,1,1,1,2
201,2,1,4,4,1,2,2,2
201,2,2,2,2,1,1,3,1
201,2,3,4,3,2,2,1,3
201,3,1,2,1,2,1,3,1
201,3,2,2,3,1,1,1,2
201,3,3,1,3,2,2,2,2
201,4,1,3,2,2,2,3,3
201,4,2,1,4,2,1,3,2
201,4,3,3,3,1,1,2,1
201,5,1,3,1,1,2,2,1
201,5,2,1,1,1,2,1,3
201,5,3,4,4,2,2,1,1
201,6,1,4,4,1,1,2,1
201,6,2,1,4,1,2,3,2
201,6,3,1,1,1,1,2,3
201,7,1,3,2,2,1,3,1
201,7,2,4,4,2,1,3,3
201,7,3,2,2,2,2,1,2
202,1,1,2,2,1,1,3,3
202,1,2,1,4,2,1,2,1
202,1,3,3,2,1,2,3,3
202,2,1,1,2,2,1,3,3
202,2,2,4,2,2,2,1,2
202,2,3,2,1,2,2,1,2
202,3,1,3,4,1,2,1,1
202,3,2,3,1,2,2,2,2
202,3,3,4,3,1,2,2,1
202,4,1,4,2,1,2,3,3
202,4,2,1,1,1,1,3,1
202,4,3,1,3,1,1,3,3
202,5,1,3,1,1,2,2,1
202,5,2,1,4,2,1,1,1
202,5,3,2,3,1,1,2,2
202,6,1,3,1,2,1,2,2
202,6,2,4,4,2,2,1,2
202,6,3,4,4,2,1,2,3
202,7,1,4,3,2,1,1,1
202,7,2,2,4,2,2,1,2
202,7,3,2,3,1,1,3,3
203,1,1,3,2,1,2,1,1
203,1,2,2,2,1,2,3,1
203,1,3,2,4,2,1,3,2
203,2,1,2,4,1,2,2,2
203,2,2,1,1,2,1,2,1
203,2,3,3,1,1,1,2,3
203,3,1,1,3,2,2,3,1
203,3,2,3,4,1,1,3,3
203,3,3,1,3,1,1,3,2
203,4,1,2,3,2,1,2,2
203,4,2,1,1,2,1,1,2
203,4,3,3,2,1,2,1,1
203,5,1,4,4,2,2,2,2
203,5,2,4,4,2,1,1,3
203,5,3,4,2,2,1,3,3
203,6,1,2,1,2,2,1,1
203,6,2,2,2,1,2,2,3
203,6,3,3,3,1,2,3,3
203,7,1,4,3,2,1,1,3
203,7,2,4,4,1,1,1,1
203,7,3,1,1,2,2,2,2
204,1,1,4,3,1,2,1,3
204,1,2,2,2,1,2,2,2
204,1,3,2,1,2,1,3,3
204,2,1,3,1,1,2,2,1
204,2,2,1,2,2,1,3,3
204,2,3,4,3,2,1,3,1
204,3,1,3,4,1,1,3,1
204,3,2,3,4,1,1,1,3
204,3,3,1,3,1,2,1,2
204,4,1,1,3,2,1,1,1
204,4,2,3,2,1,2,3,1
204,4,3,2,4,2,2,3,2
204,5,1,4,2,1,1,2,2
204,5,2,4,2,1,1,2,3
204,5,3,3,4,2,2,2,1
204,6,1,2,4,1,1,1,1
204,6,2,1,1,2,2,1,2
204,6,3,2,1,1,2,1,2
204,7,1,1,1,2,1,2,3
204,7,2,4,3,2,2,3,2
204,7,3,1,3,2,1,2,3
205,1,1,1,1,1,2,1,2
205,1,2,4,4,2,1,2,1
205,1,3,2,1,1,2,1,1
205,2,1,3,3,1,1,3,2
205,2,2,3,3,1,2,2,1
205,2,3,1,4,1,2,3,1
205,3,1,3,4,2,1,1,3
205,3,2,2,3,2,1,3,2
205,3,3,3,2,2,1,2,1
205,4,1,2,2,2,2,1,1
205,4,2,2,2,1,1,2,2
205,4,3,2,3,2,2,3,3
205,5,1,1,4,2,1,2,3
205,5,2,1,1,2,1,3,2
205,5,3,1,2,2,2,2,3
205,6,1,4,3,2,1,1,3
205,6,2,4,1,1,2,1,3
205,6,3,4,3,1,2,1,2
205,7,1,1,1,1,1,3,2
205,7,2,3,4,1,2,3,3
205,7,3,4,2,2,1,2,1
206,1,1,1,3,2,1,3,1
206,1,2,4,2,1,2,2,2
206,1,3,2,3,2,1,2,3
206,2,1,1,4,2,1,1,2
206,2,2,4,1,1,2,2,1
206,2,3,3,2,1,2,2,1
206,3,1,1,4,1,2,2,1
206,3,2,4,3,1,2,2,2
206,3,3,2,3,2,1,3,1
206,4,1,2,2,2,2,1,2
206,4,2,1,1,1,1,1,2
206,4,3,1,4,2,1,1,1
206,5,1,4,4,2,2,3,2
206,5,2,3,3,2,2,3,3
206,5,3,4,1,1,2,3,3
206,6,1,3,1,2,1,1,3
206,6,2,2,4,1,1,3,3
206,6,3,3,1,2,2,1,3
206,7,1,3,1,1,2,2,1
206,7,2,2,2,1,1,3,2
206,7,3,3,2,2,1,1,3
207,1,1,2,4,2,1,1,1
207,1,2,1,1,1,2,2,3
207,1,3,3,2,2,2,2,3
207,2,1,2,4,2,1,1,1
207,2,2,3,2,1,2,3,3
207,2,3,4,4,2,2,2,3
207,3,1,4,1,2,1,1,2
207,3,2,2,1,1,2,1,3
207,3,3,3,1,2,1,1,3
207,4,1,1,3,2,1,2,2
207,4,2,1,1,2,2,3,1
207,4,3,2,3,1,2,2,2
207,5,1,1,2,1,1,3,2
207,5,2,2,2,2,1,3,1
207,5,3,4,3,1,2,3,1
207,6,1,4,4,1,2,2,3
207,6,2,4,4,1,1,2,2
207,6,3,3,2,2,2,1,2
207,7,1,1,3,1,2,3,2
207,7,2,3,3,2,1,1,1
207,7,3,4,3,1,1,3,1
208,1,1,3,3,1,1,2,1
208,1,2,4,2,1,2,1,1
208,1,3,3,4,2,2,3,2
208,2,1,4,4,1,2,3,3
208,2,2,2,1,1,1,2,2
208,2,3,4,1,1,1,1,2
208,3,1,3,1,1,1,3,2
208,3,2,1,1,2,1,2,3
208,3,3,3,3,1,2,3,3
208,4,1,1,3,2,2,3,1
208,4,2,1,2,2,1,1,1
208,4,3,1,4,2,1,2,3
208,5,1,3,2,2,2,3,1
208,5,2,1,2,2,2,2,3
208,5,3,2,4,2,1,1,2
208,6,1,3,2,1,1,2,2
208,6,2,4,3,1,1,1,1
208,6,3,2,1,1,2,3,3
208,7,1,4,1,2,2,2,3
208,7,2,2,3,2,2,1,1
208,7,3,2,4,1,2,1,2
209,1,1,1,3,1,2,2,3
209,1,2,4,1,2,2,3,1
209,1,3,3,4,1,1,3,1
209,2,1,2,3,1,2,1,2
209,2,2,4,4,2,2,2,2
209,2,3,4,2,2,1,2,2
209,3,1,4,1,1,1,1,2
209,3,2,2,2,2,1,1,3
209,3,3,1,3,2,1,1,1
209,4,1,2,1,2,1,1,1
209,4,2,3,2,2,1,1,1
209,4,3,2,3,2,1,2,1
209,5,1,3,1,1,2,3,3
209,5,2,3,4,1,1,3,1
209,5,3,4,4,1,2,3,3
209,6,1,1,1,1,2,3,2
209,6,2,3,2,1,1,1,2
209,6,3,2,2,1,2,2,3
209,7,1,3,3,2,1,2,2
209,7,2,1,4,1,2,2,3
209,7,3,1,2,2,2,3,3
210,1,1,3,2,1,2,1,3
210,1,2,1,3,2,1,2,1
210,1,3,1,1,1,1,2,2
210,2,1,2,4,1,2,3,2
210,2,2,3,4,1,2,2,3
210,2,3,2,2,2,2,3,1
210,3,1,3,4,2,1,1,1
210,3,2,1,3,2,2,3,2
210,3,3,1,3,2,1,2,2
210,4,1,4,4,2,1,1,1
210,4,2,2,2,1,1,3,3
210,4,3,2,4,2,1,2,3
210,5,1,2,4,2,2,1,1
210,5,2,3,1,2,1,3,3
210,5,3,1,1,1,1,1,2
210,6,1,4,3,2,2,1,1
210,6,2,4,1,1,2,3,2
210,6,3,2,2,1,2,3,2
210,7,1,4,2,2,1,1,1
210,7,2,4,1,1,2,2,3
210,7,3,3,3,1,1,2,3
